ID,Genes
1,"CYP17A1, CYP17, P450C17"
1,"CYP17A1, CYP17, P450C17"
3,"HADH2, ERAB"
4,ACADSB
5,HSD3B2
6,"HADHSC, SCHAD"
7,"MCCC1, MCCA"
7,"MCCC2, MCCB"
8,AUH
9,"OPA3, MGA3"
10,CUL7
12,TPMT
13,"FGD1, FGDY, AAS"
14,HLA-B
15,"EDNRB, HSCR2, ABCDS"
17,MTP
17,"APOB, FLDB"
18,"SOX9, CMD1, SRA1"
21,CAT
22,MDM2
24,"AAAS, AAA"
25,"C7orf2, ACHP, LMBR1"
26,COL2A1
27,"SLC26A2, DTD, DTDST, D5S1708, EDM4"
28,"FGFR3, ACH"
29,"CNGA3, CNG3, ACHM2"
29,"CNGB3, ACHM3"
29,"GNAT2, ACHM4"
30,"IGFALS, ALS"
31,"KCNH2, LQT2, HERG"
32,"GLI3, PAPA, PAPB, ACLS"
33,"IHH, BDA1"
34,"SLC39A4, ZIP4"
36,"ATP2A2, ATP2B, DAR"
38,"GNAS, GNAS1, GPSA, POH, PHP1B, PHP1A, AHO"
38,SSTR5
39,"GDF5, CDMP1"
39,"NPR2, ANPRB, AMDM"
44,"ACADL, LCAD"
44,"ACADM, MCAD"
44,"ACADS, SCAD"
45,EGFR
45,BRAF
45,"ERBB2, NGL, NEU, HER2"
45,"PRKN, PARK2, PDJ"
45,"PRKN, PARK2, PDJ"
46,"APC, GS, FPC"
47,MUTYH
47,"PLAG1, SGPA, PSA"
47,"APC, GS, FPC"
47,"APC, GS, FPC"
49,ADA
50,ADSL
52,"APM1, GBP28"
53,MEN1
53,"TP53, P53, LFS1"
53,"CYP11B1, P450C11, FHI"
53,"CYP21A2, CYP21, CA21H"
54,POR
55,"DAX1, AHC, AHX, NROB1"
56,"FTZF1, FTZ1, SF1"
56,"PRKAR1A, TSE1, CNC1, CAR"
56,TBS19
56,"ABCD1, ALD, AMN"
56,"PEX10, NALD"
56,"PEX13, ZWS, NALD"
57,"PEX1, ZWS1"
58,PEX26
58,"PXR1, PEX5, PTS1R"
59,"ABCD1, ALD, AMN"
60,GCNT2
61,GCNT2
61,"TP73L, TP63, KET, EEC3, SHFM4, LMS, RHS"
63,"PER2, FASPS, KIAA0347"
63,FGA
63,FGB
63,"IGHM, MU"
64,"IGLL1, IGO, IGL5, VPREB2"
65,"LRRC8, KIAA1437"
69,"BTK, AGMX1, IMD1, XLA, AT"
70,"GATM, AGAT"
70,"SLC12A6, KCC3A, KCC3B, KCC3, ACCPN"
70,"ATIC, PURH, AICAR"
71,"KIR3DL1, NKAT3, NKB1, AMB11, KIR3DS1"
72,IFNG
72,"CXCL12, SDF1"
72,"JAG1, AGS, AHD"
72,"OCA2, P, PED, D15S12, BOCA"
72,"OCA2, P, PED, D15S12, BOCA"
72,TYR
74,TYR
75,"OCA2, P, PED, D15S12, BOCA"
76,"TYRP1, CAS2, GP75"
77,HTR2A
78,ALDH2
79,GABRA2
79,ALDOA
80,CYP11B2
82,"CYP11B1, P450C11, FHI"
83,GFAP
85,"NDUFV1, UQOR1"
86,"HGD, AKU"
87,"SLC16A2, DXS128, XPCT"
88,"IL13, ALRH"
90,"HR, AU"
91,"POLG, POLG1, POLGA, PEO"
92,"SERPINA3, AACT, ACT"
92,ACTN3
94,ACAT1
94,AMACR
94,"ATRX, XH2, XNP, MRXS3, SHS"
95,"ATRX, XH2, XNP, MRXS3, SHS"
96,"COL4A5, ATS, ASLN"
97,COL4A3
98,COL4A4
98,"ALMS1, ALSS, KIAA0328"
98,"ATP1A2, FHM2, MHP2"
98,"ASPCR1, RCC17, ASPL, ASPS"
98,"APP, AAA, CVAP, AD1"
98,"APOE, AD2"
98,"PSEN2, AD4, STM2"
98,"APBB2, FE65L1"
98,NOS3
98,"PLAU, URK"
98,"ACE, DCP1, ACE1"
98,MPO
98,"PACIP1, PAXIP1L, PTIP"
98,A2M
99,"BLMH, BMH"
99,"PSEN1, AD3"
99,"PSEN1, AD3"
99,"PSEN1, AD3"
99,ENAM
100,"AMELX, AMG, AIH1, AMGX"
101,"DLX3, TDO"
102,ENAM
103,"KLK4, EMSP1, PRSS17"
103,"SIAT9, ST3GALV"
103,AMPD3
103,"TTR, PALB"
103,APOA1
103,"APP, AAA, CVAP, AD1"
104,GSN
104,FGA
104,LYZ
104,"TTR, PALB"
104,"VAPB, VAPC, ALS8"
104,"SOD1, ALS1"
105,"ALS2, ALSJ, PLSJ, IAHSP"
107,DCTN1
108,NEFH
109,PRPH
110,ALB
110,MC1R
110,"SARA2, SAR1B, CMRD"
110,"AR, DHTR, TFM, SBMA, KD, SMAX1"
110,"CDAN1, CDA1"
110,"RPS19, DBA"
110,"PKLR, PK1"
110,"NT5C3, UMPH1, PSN1"
110,"RHAG, RH50A"
113,NRAMP2
113,SPTB
114,"ALAS2, ANH1, ASB"
114,"ABCB7, ABC7, ASAT"
115,COL3A1
117,"MECP2, RTT, PPMX, MRX16, MRX79"
118,"UBE3A, ANCR"
119,"C1NH, HAE1, HAE2, SERPING1"
121,XPNPEP2
122,MEN1
124,"ACE, DCP1, ACE1"
126,HP
126,"PAX6, AN2, MGDA"
126,HLA-B
126,"SOX2, ANOP3"
127,HTR2A
128,"EYA1, BOR"
129,"FOXE3, FKHL12, ASMD"
130,"FOXC1, FKHL7, FREAC3"
131,PITX3
132,AT3
133,POR
133,"SLC6A4, HTT, OCD1"
133,"FBN1, MFS1, WMS"
134,"FGFR2, BEK, CFD1, JWS"
136,FGF10
136,IFNG
136,"TERC, TRC3, TR"
136,"TERT, TCS1, EST2"
137,"BCHE, CHE1"
138,APOA1
139,APOA2
140,APOC3
140,APOH
142,"HSD11B2, HSD11K"
143,"AQP1, CHIP28, CO"
144,VPS33B
144,ARG1
144,ASL
146,"CYP19A1, CYP19, ARO"
146,DDC
146,"RYR2, VTSIP"
147,"DSP, KPPS2, PPKS2"
150,"PKP2, ARVD9"
151,"TPM2, TMSB, AMCD1, DA1"
151,"TNNI2, AMCD2B, DA2B, FSSV"
153,"WISP3, PPAC, PPD"
153,"TNNT3, AMCD2B, DA2B, FSSV"
153,AGA
153,NLGN3
153,"NLGN4, KIAA1260, AUTSX2"
153,"PHF11, NYREN34"
153,"MS4A2, FCER1B"
153,ALOX5
153,ADRB2
153,"PTGDR, AS1"
153,"GPR154, GPRA, VRR1, PGR14"
153,HNMT
153,"IL12B, NKSF2"
154,"IL13, ALRH"
154,"PLA2G7, PAFAH"
154,"SCGB3A2, UGRP1"
154,"TNF, TNFA"
154,"UGB, CC10, CCSP, SCGB1A1"
157,"ATCAY, CLAC, KIAA1872"
157,"APTX, AOA, AOA1"
160,"CACNB4, EJM"
160,"SETX, SCAR1, AOA2"
162,"ATM, ATA, AT1"
163,"MRE11A, MRE11, ATLD"
164,"TTPA, TTP1, AVED"
164,"SLC26A2, DTD, DTDST, D5S1708, EDM4"
164,"FLNB, SCT, AOI"
164,"HOXA1, HOX1F, BSAS"
164,ALOX5
165,"SPINK5, LEKTI"
166,"HAVCR1, HAVCR"
166,"PLA2G7, PAFAH"
166,"SELP, GRMP"
166,"IL4R, IL4RA"
166,TF
167,"KCNE2, MIRP1, LQT6"
168,"KCNQ1, KCNA9, LQT1, KVLQT1, ATFB1"
168,GATA4
168,"MYH6, ASD3, MYHCA"
168,"NKX2E, CSX"
171,"HR, AU"
173,"NKX2E, CSX"
173,"GJA1, CX43, ODDD, SDTY3, ODOD"
173,"CRELD1, AVSD2"
173,"CRELD1, AVSD2"
174,"DRD5, DRD1B, DRD1L2"
174,GLO1
174,"MECP2, RTT, PPMX, MRX16, MRX79"
174,NLGN3
174,"NLGN4, KIAA1260, AUTSX2"
175,"TNFRSF6, APT1, FAS, CD95, ALPS1A"
177,"TNFRSF6, APT1, FAS, CD95, ALPS1A"
178,"CASP10, MCH4, ALPS2"
178,"CASP8, MCH5"
180,"AIRE, APECED"
182,"TG, AITD3"
182,DRD4
183,"FOXC1, FKHL7, FREAC3"
183,"USP9Y, DFFRY"
183,"SYCP3, SCP3, COR1"
183,"FOXE1, FKHL15, TITF2, TTF2"
183,"PTEN, MMAC1"
183,"PTEN, MMAC1"
183,BBS1
183,"ARL6, BBS3"
183,BBS7
184,BBS2
184,"ARL6, BBS3"
184,BBS4
184,BBS5
184,"MKKS, HMCS, KMS, MKS, BBS6"
184,"TTC8, BBS8"
185,"TAPBP, TPSN"
186,"TAP2, ABCB3, PSF2, RING11"
187,"MHC2TA, C2TA"
187,RFX5
187,RFXAP
187,RFX5
187,"TAZ, EFE2, BTHS, CMD3A, LVNCX"
187,"GJB2, CX26, DFNB1, PPK, DFNA3, KID, HID"
188,"SLC12A1, NKCC2"
188,"KCNJ1, ROMK1"
188,CLCNKB
188,BSND
190,CLCNKA
191,CLCNKB
192,"RASA1, GAP, CMAVM, PKWS"
193,PTCH2
193,"PTCH, NBCCS, BCNS, HPE7"
194,"SMOH, SMO"
194,"PTCH, NBCCS, BCNS, HPE7"
194,FTL
194,SLC19A3
195,"BCL7A, BCL7"
196,IFNGR1
196,"FGFR2, BEK, CFD1, JWS"
196,"DMD, BMD"
197,MYF6
198,"CDKN1C, KIP2, BWS"
199,"H19, D11S813E, ASM1, BWS"
200,"KCNQ10T1, LIT1"
200,"NSD1, ARA267, STO"
200,"NQO1, DIA4, NMOR1"
201,GP1BA
202,GP1BB
203,GP9
204,HLA-DPB1
205,ADRB2
207,"UPB1, BUP1"
207,"COL6A1, OPLL"
207,COL6A2
207,COL6A3
208,"CYP4V2, BCD"
209,"SLC10A2, NTCP2"
209,BTD
210,"XBP1, XBP2"
210,"FLCN, BHD"
211,"FGFR3, ACH"
212,"KRAS2, RASK2"
212,RB1
212,HRAS
212,"CARD15, NOD2, IBD1, CD, ACUG, PSORAS1"
212,TBXA2R
212,"P2RX1, P2X1"
212,"FOXL2, BPES, BPES1, PFRK, POF3"
212,"FOXL2, BPES, BPES1, PFRK, POF3"
212,"DRD5, DRD1B, DRD1L2"
212,ABO
212,"LU, AU, BCAM"
212,"AQP1, CHIP28, CO"
212,DAF
212,"SLC4A1, AE1, EPB3"
212,"ART4, DO"
212,"GYPC, GE, GPC"
212,AQP3
212,GCNT2
212,"CD44, MDU2, MDU3, MIC4"
212,KEL
212,"SLC14A1, JK, UTE, UT1"
212,"CR1, C3BR"
212,LW
212,"FUT3, LE"
212,"LU, AU, BCAM"
212,"GYPA, MN, GPA"
213,BSG
214,"A4GALT, PK"
214,"B3GALT3, GLCT3, P"
216,RHCE
216,"GYPB, SS, MNS"
217,"SLC4A1, AE1, EPB3"
218,"SLC4A1, AE1, EPB3"
220,XG
221,"ACHE, YT"
224,"RECQL3, RECQ2, BLM, BS"
224,"OPN1LW, RCP, CBP, CBBM"
224,"OPN1MW, GCP, CBD, CBBM"
224,"FUT1, H, HH"
224,"FUT2, SE"
224,"LRP5, BMND1, LRP7, LR3, OPPG, VBCH2"
225,"PHF6, BFLS"
225,"HOXA1, HOX1F, BSAS"
226,RLBP1
226,"IHH, BDA1"
226,"BMPR1B, ALK6"
228,"ROR2, BDB1, BDB, NTRKR2"
228,"GDF5, CDMP1"
228,"HOXD13, HOX4I, SPD"
228,"HOXD13, HOX4I, SPD"
228,"R9AP, RGS9, PERRS"
228,"RGS9, PERRS"
228,"EYA1, BOR"
228,"EYA1, BOR"
228,"EYA1, BOR"
228,"CHEK2, RAD53, CHK2, CDS1, LFS2"
228,PIK3CA
228,"PPM1D, WIP1"
228,"SLC22A1L, BWSCR1A, IMPT1"
228,"TP53, P53, LFS1"
228,"BRCA1, PSCP"
228,"BRCA2, FANCD1"
228,TSG101
228,"BRIP1, BACH1, FANCJ"
228,"RAD54L, HR54, HRAD54"
228,"CDH1, UVO"
228,"BRCA2, FANCD1"
228,"AR, DHTR, TFM, SBMA, KD, SMAX1"
231,"KRAS2, RASK2"
233,"RB1CC1, CC1, KIAA0203"
234,PHB
235,"ATM, ATA, AT1"
237,BARD1
238,"CHEK2, RAD53, CHK2, CDS1, LFS2"
239,"RAD51A, RECA"
240,XRCC3
240,"BRCA1, PSCP"
240,"ATP2A1, SERCA1"
240,PLOD2
240,"SCN5A, LQT3, IVF, HB1, SSS1"
240,MAOA
240,MYC
240,"LEMD3, MAN1"
240,"RDS, RP7, PRPH2, PRPH, AVMD, AOFMD"
240,C1QA
240,C1QB
240,C1QG
240,C1S
240,C2
252,IF
252,C3
253,"C4A, C4S"
254,"C4B, C4F"
254,C6
255,C7
255,C8B
256,C9
257,C9
258,"MSH2, COCA1, FCC1, HNPCC1"
259,"MLH1, COCA2, HNPCC2"
259,COL1A1
261,"FGF23, ADHR, HPDR2, PHPTC"
262,GALNT3
263,"SOX9, CMD1, SRA1"
263,"SOX9, CMD1, SRA1"
263,"PRG4, CACP, MSF, SZP, HAPO"
264,"TGFB1, DPD1, CED"
265,ASPA
267,FGFR4
268,"MSH6, GTBP, HNPCC5"
268,"RASA1, GAP, CMAVM, PKWS"
268,CPS1
268,"PMM2, CDG1"
268,"MPI, PMI1"
268,"MGAT2, CDGS2"
268,"CPN1, SCPN, CPN"
268,MEN1
268,"SDHD, PGL1"
268,SCO2
268,"MYL3, CMH8"
268,ACTC
268,"MYH7, CMH1, MPD1"
268,"LMNA, LMN1, EMD2, FPLD, CMD1A, HGPS, LGMD1B"
268,"TNNT2, CMH2, CMD1D"
268,"TTN, CMD1G"
268,"DES, CMD1I"
268,"EYA4, DFNA10, CMD1J"
268,"SGCD, SGD, LGMD2F, CMD1L"
268,"CSRP3, CRP3, CLP, CMD1M"
268,"TCAP, LGMD2G, CMD1N"
268,"ABCC9, SUR2"
268,"DMD, BMD"
268,"MYL2, CMH10"
268,"MYH7, CMH1, MPD1"
268,ACTC
268,"CAV3, LGMD1C"
268,"MYH6, ASD3, MYHCA"
268,TNNC1
268,"TNNT2, CMH2, CMD1D"
268,"TPM1, CMH3"
269,TNNI3
269,"MYBPC3, CMH4"
271,"TTN, CMD1G, TMD, LGMD2J"
272,TNNI3
275,COX15
276,"MYL2, CMH10"
277,"MYLK2, MLCK"
277,"PRKAG2, WPWS"
277,"PLN, PLB"
277,"TAZ, EFE2, BTHS, CMD3A, LVNCX"
277,"PRKAR1A, TSE1, CNC1, CAR"
277,MYH8
277,"SLC25A20, CACT, CAC"
277,"SLC22A5, OCTN2, CDSP, SCD"
277,"TTR, PALB"
277,"RMRP, RMRPR, CHH"
277,"CRYAA, CRYA1"
277,"CRYBB2, CRYB2"
277,PITX3
277,"BFSP2, CP49, CP47"
277,"CRYAA, CRYA1"
277,"PAX6, AN2, MGDA"
277,"CRYBA1, CRYB1"
277,"CRYGC, CRYG3, CCL"
277,"LIM2, MP19"
277,"CRYGD, CRYG4"
277,"BFSP2, CP49, CP47"
277,"HSF4, CTM"
279,"HSF4, CTM"
283,"MIP, AQP0"
284,"CRYAB, CRYA2, CTPP2"
287,CRYBB1
287,"CRYGD, CRYG4"
287,"CRYBB2, CRYB2"
287,"CRYGC, CRYG3, CCL"
287,"CRYAA, CRYA1"
289,"GJA8, CX50, CAE1"
289,"GJA3, CX46, CZP3, CAE3"
291,"CCM1, CAM, KRIT1"
291,"CD59, MIC11"
292,CD8A
292,"RYR1, MHS, CCO"
292,"MYH7, CMH1, MPD1"
293,GDNF
294,BDNF
295,EDN3
296,"PMX2B, NBPHOX, PHOX2B"
296,"RET, MEN2A"
296,CP
296,"CACNA1A, CACNL1A4, SCA6"
296,"VLDLR, VLDLRCH"
296,"ABCA1, ABC1, HDLDT1, TGD"
298,CST3
299,"NOTCH3, CADASIL, CASIL"
300,"CCM1, CAM, KRIT1"
301,"C7orf22, CCM2, MGC4067"
301,"PDCD10, TFAR15, CCM3"
301,"SNAP29, CEDNIK"
301,"ERCC2, EM9"
301,"ERCC5, XPG"
301,"ERCC6, CKN2, COFS, CSB"
301,"CYP27A1, CYP27, CTX"
301,"SERPINA3, AACT, ACT"
301,"PPT1, CLN1"
301,CLN2
301,"CLN3, BTS"
301,CLN5
301,CLN6
301,"CLN8, EPMR"
301,"PPT1, CLN1"
301,"FGFR3, ACH"
301,CETP
301,"ABHD5, CGI58, IECN2, NCIE2"
301,"HSPB1, HSP27, CMT2F"
301,"MPZ, CMT1B, CMTDI3, CHM, DSS"
301,DNM2
301,"HOXD10, HOX4D"
301,"GDAP1, CMT4A, CMT2K, CMT2G"
301,"PMP22, CMT1A, CMT1E, DSS"
301,"MPZ, CMT1B, CMTDI3, CHM, DSS"
301,"LITAF, CMT1C"
301,"EGR2, KROX20"
302,"PMP22, CMT1A, CMT1E, DSS"
303,"NEFL, CMT2E, CMT1F"
304,"KIF1B, CMT2A, CMT2A1"
305,"MFN2, KIAA0214, CMT2A2"
306,"RAB7, CMT2B, PSN"
307,"GARS, SMAD1, CMT2D"
308,"NEFL, CMT2E, CMT1F"
309,"GDAP1, CMT4A, CMT2K, CMT2G"
310,"MPZ, CMT1B, CMTDI3, CHM, DSS"
310,"MPZ, CMT1B, CMTDI3, CHM, DSS"
310,"GDAP1, CMT4A, CMT2K, CMT2G"
310,"GDAP1, CMT4A, CMT2K, CMT2G"
310,"MTMR2, CMT4B1"
310,"SBF2, MTMR13, CMT4B2"
313,"SBF2, MTMR13, CMT4B2"
314,KIAA1985
315,"NDRG1, HMSNL, CMT4D"
315,"GJB1, CX32, CMTX1"
315,CHD7
316,"TFAP2B, CHAR"
316,"CHS1, LYST"
316,"SH3BP2, CRPM"
318,NSDHL
319,CHIT
320,"SLC26A3, DRA, CLD"
323,"ABCB4, PGY3, MDR3"
326,"ATP8B1, FIC1, BRIC, PFIC1"
327,"ABCB4, PGY3, MDR3"
327,"ATP8B1, FIC1, BRIC, PFIC1"
327,"ABCB11, BSEP, SPGP, PFIC2"
327,"ABCB4, PGY3, MDR3"
328,"HSD3B7, PFIC4"
329,LIPA
330,"ANKH, HANK, ANK, CMDJ, CCAL2, CPPDD"
330,"GDF5, CDMP1"
331,"GNPAT, DHAPAT"
331,"EBP, CDPX2, CPXD, CPX"
332,"ARSE, CDPX1, CDPXR"
334,EXT1
334,CSMF
334,"EWSR1, EWS"
334,"TITF1, NKX2A, TTF1"
334,"VPS13A, CHAC"
335,"TITF1, NKX2A, TTF1"
335,"CHM, TCD"
335,"PSAP2, PROSAP2, KIAA1650"
336,CYBA
336,NCF1
336,NCF2
337,"CYBB, CGD"
338,"MBL2, MBL, MBP1"
339,"ATRX, XH2, XNP, MRXS3, SHS"
339,"LPL, LIPD"
340,"SARA2, SAR1B, CMRD"
341,"SARA2, SAR1B, CMRD"
342,"DNAI1, CILD1, ICS, PCD"
343,"DNAH5, HL1, PCD, CILD3"
344,"CIAS1, C1orf7, FCU, FCAS"
345,KRT18
345,KRT8
346,KRT18
346,KRT8
346,"CIRH1A, NAIC, TEX292, KIAA1988"
346,ASS
346,"SLC25A13, CTLN2"
346,"SLC25A13, CTLN2"
346,"HVEC, PVRL1, PVRR1, PRR1"
346,"MSX1, HOX7, HYD1, OFC5"
346,"TBX22, CPX"
346,"RUNX2, CBFA1, PEBP2A1, AML3"
346,"NDP, ND"
346,"ERCC8, CKN1, CSA"
346,"ERCC6, CKN2, COFS, CSB"
346,"CYP2D@, CYP2D, P450C2D"
346,"RPS6KA3, RSK2, MRX19"
346,COH1
346,"ABCB1, PGY1, MDR1"
346,"CIAS1, C1orf7, FCU, FCAS"
346,"CRLF1, CISS"
346,"PAX6, AN2, MGDA"
346,"SHH, HPE3, HLP3, SMMCI"
346,RAD54B
346,"RAD54L, HR54, HRAD54"
346,BCL10
346,"PTPN12, PTPG1"
346,"TGFBR2, HNPCC6"
346,"SRC, ASV, SRC1"
346,"MLH3, HNPCC7"
346,"PTPRJ, DEP1"
346,ODC1
346,"RET, MEN2A"
346,"OPN1MW, GCP, CBD, CBBM"
346,"OPN1LW, RCP, CBP, CBBM"
346,"OPN1SW, BCP, CBT"
346,MUTYH
346,AXIN2
347,"BUB1B, BUBR1"
348,EP300
348,"PDGFRL, PDGRL, PRLTS"
348,PIK3CA
350,"TP53, P53, LFS1"
351,"APC, GS, FPC"
351,BAX
352,CTNNB1
352,DCC
352,MCC
352,NRAS
352,"MSH2, COCA1, FCC1, HNPCC1"
352,"MLH1, COCA2, HNPCC2"
352,"PMS1, PMSL1, HNPCC3"
352,"PMS2, PMSL2, HNPCC4"
354,"MSH6, GTBP, HNPCC5"
354,"TGFBR2, HNPCC6"
354,"FGFR3, ACH"
354,"FLCN, BHD"
354,"MLH3, HNPCC7"
354,BRAF
354,DLC1
354,"PLA2G2A, PLA2B, PLA2L, MOM1"
354,"CCND1, PRAD1, BCL1"
354,BUB1
354,C6
354,"LMAN1, ERGIC53, F5F8D, MCFD1"
354,"LPL, LIPD"
355,"IL2RG, SCIDX1, SCIDX, IMD4"
355,"GFM1, EFG1, GFM"
356,"PSAP, SAP1"
357,NDUFS6
358,"ATPAF2, ATP12"
359,"RPGR, RP3, CRD, RP15, COD1"
360,"GUCA1A, GCAP"
361,"RPGR, RP3, CRD, RP15, COD1"
362,"ABCA4, ABCR, STGD1, FFM, RP19"
362,"AIPL1, LCA4"
362,"GUCY2D, GUC2D, LCA1, CORD6"
362,"RPGRIP1, LCA6, CORD9"
362,"CRX, CORD2, CRD"
362,"CFTR, ABCC7, CF, MRP7"
362,"CTDP1, FCP1, CCFDN"
362,ALG6
362,"ALG3, NOT56L, CDGS4"
362,"DPM1, MPDS, CDGIE"
362,"MPDU1, SL15, CDGIF"
362,ALG12
364,ALG8
365,"ALG2, CDGII"
365,"DIBD1, ALG9"
365,"SLC35C1, FUCT1"
365,"B4GALT1, GGTB2, GT1, GTB"
365,"COG7, CDG2E"
365,"DPAGT2, DGPT"
365,"ALG1, HMAT1, HMT1"
366,"ADRA2C, ADRA2L2"
367,"ADRB1, ADRB1R, RHR"
368,PLG
368,"TBX1, DGS, CTHM, CAFS, TGA, DORV, VCFS, DGCR"
369,"FBN2, CCA"
370,"MASS1, VLGR1, KIAA0686, FEB4, USH2C"
372,"MMP1, CLG"
372,CPO
374,APOA1
374,"TGFBI, CSD2, CDGG1, CSD, BIGH3, CDG2"
374,"TACSTD2, TROP2, M1S1"
376,"TGFBI, CSD2, CDGG1, CSD, BIGH3, CDG2"
377,"VSX1, RINX, PPCD, PPD, KTCN"
378,"COL8A2, FECD, PPCD2"
379,"TGFBI, CSD2, CDGG1, CSD, BIGH3, CDG2"
380,"TGFBI, CSD2, CDGG1, CSD, BIGH3, CDG2"
382,"TGFBI, CSD2, CDGG1, CSD, BIGH3, CDG2"
383,"TGFBI, CSD2, CDGG1, CSD, BIGH3, CDG2"
383,"PIP5K3, CFD"
384,"KERA, CNA2"
385,"NIPBL, CDLS"
385,"MEF2A, ADCAD1"
388,"ABCA1, ABC1, HDLDT1, TGD"
388,KL
389,"PON1, PON, ESA"
389,PON2
390,"PON1, PON, ESA"
390,"MMP3, STMY1"
391,NOS3
391,IGBP1
392,"NR3C1, GCR, GRL"
392,GDH
394,"HSD11B1, HSD11, HSD11L"
395,HRAS
395,"CYP2A6, CYP2A3, CYP2A, P450C2A"
395,"PTEN, MMAC1"
395,"BMPR1A, ACVRLK3, ALK3"
396,CPT1A
397,CPT2
398,CPT2
399,"SCN4A, HYPP, NAC1A"
400,"VSX1, RINX, PPCD, PPD, KTCN"
400,"PAX3, WS1, HUP2, CDHS"
400,"FGFR2, BEK, CFD1, JWS"
400,"EFNB1, EPLG2, CFNS, CFND"
401,"ANKH, HANK, ANK, CMDJ, CCAL2, CPPDD"
401,"FGFR2, BEK, CFD1, JWS"
401,"MSX2, CRS2, HOX8"
402,"L1CAM, CAML1, HSAS1"
404,"SLC6A8, CRTR"
405,"CAV3, LGMD1C"
406,"CAV3, LGMD1C"
406,"PRNP, PRIP"
406,HLA-DQB1
406,"UGT1A1, UGT1, GNT1"
406,"UGT1A1, UGT1, GNT1"
406,"CARD15, NOD2, IBD1, CD, ACUG, PSORAS1"
406,"DLG5, PDLG, KIAA0583"
406,"FGFR2, BEK, CFD1, JWS"
406,"FGFR3, ACH"
406,"LGR8, GREAT"
406,INSL3
406,"HLXB9, HOXHB9, SCRA1"
406,ELN
406,"FBLN5, ARMD3"
406,"FBLN5, ARMD3"
406,"ATP7A, MNK, MK, OHS"
406,KRT1
406,"CYLD1, CDMT, EAC"
406,CTH
406,"CFTR, ABCC7, CF, MRP7"
406,CTNS
406,CTNS
406,CTNS
406,CTNS
406,"SLC3A1, ATR1, D2H, NBAT"
406,"SLC7A9, CSNU3"
406,"SLC7A9, CSNU3"
406,D2HGD
406,"ATP2A2, ATP2B, DAR"
406,HSD17B4
406,"EYA4, DFNA10, CMD1J"
406,"DIAPH1, DFNA1, LFHL1"
406,"MYO7A, USH1B, DFNB2, DFNA11"
406,"TECTA, DFNA8, DFNA12, DFNB21"
406,"COL11A2, STL3, DFNA13"
406,"POU4F3, BRN3C"
406,"MYH9, MHA, FTNS, DFNA17"
406,"ACTG1, DFNA20, DFNA26"
406,"MYO6, DFNA22, DFNB37"
406,"GJB3, CX31, DFNA2"
406,"KCNQ4, DFNA2"
406,"TFCP2L3, DFNA28"
406,"GJB2, CX26, DFNB1, PPK, DFNA3, KID, HID"
406,"GJB6, CX30, DFNA3, HED, ED2"
406,"TMC1, DFNB7, DFNB11, DFNA36"
406,"DSPP, DPP, DGI1, DFNA39, DTDP2"
406,"CRYM, DFNA40"
406,"MYH14, KIAA2034, DFNA4"
406,DFNA5
406,"TECTA, DFNA8, DFNA12, DFNB21"
406,"COCH, DFNA9"
406,MYO1A
407,"GJB3, CX31, DFNA2"
410,"TMPRSS3, ECHOS1, DFNB8, DFNB10"
410,"GJB2, CX26, DFNB1, PPK, DFNA3, KID, HID"
410,"CDH23, USH1D"
410,"ATP2B2, PMCA2"
411,"STRC, DFNB16"
412,"USH1C, DFNB18"
412,"TECTA, DFNA8, DFNA12, DFNB21"
412,"OTOA, DFNB22"
412,"PCDH15, DFNB23"
412,"CLDN14, DFNB29"
412,"MYO7A, USH1B, DFNB2, DFNA11"
412,"MYO3A, DFNB30"
412,"WHRN, CIP98, KIAA1526, DFNB31"
413,"MYO15A, DFNB3"
414,ESPN
415,"MYO6, DFNA22, DFNB37"
416,"GJB3, CX31, DFNA2"
416,"SLC26A4, PDS, DFNB4"
417,"PRES, DFNB61, SLC26A5"
418,"TMIE, DFNB6"
418,"TMC1, DFNB7, DFNB11, DFNA36"
420,"TMPRSS3, ECHOS1, DFNB8, DFNB10"
422,"OTOF, DFNB9, NSRD9"
424,"JAG1, AGS, AHD"
425,KIAA1199
426,"GJB6, CX30, DFNA3, HED, ED2"
427,"MYO6, DFNA22, DFNB37"
427,"TIMM8A, DFN1, DDP, MTS, DDP1"
427,"POU3F4, DFN3"
427,"CYP2D@, CYP2D, P450C2D"
427,"PMP22, CMT1A, CMT1E, DSS"
427,"EGR2, KROX20"
427,"PRX, CMT4F"
427,"MPZ, CMT1B, CMTDI3, CHM, DSS"
427,"AANAT, SNAT"
427,"ITM2B, BRI, ABRI, FBD"
427,"ITM2B, BRI, ABRI, FBD"
427,"PSEN1, AD3"
427,"MAPT, MTBT1, DDPAC, MSTD"
427,"SNCA, NACP, PARK1, PARK4"
427,SNCB
427,"MAPT, MTBT1, DDPAC, MSTD"
427,"TNF, TNFA"
427,"CD209, CDSIGN"
427,"RUNX2, CBFA1, PEBP2A1, AML3"
427,DRPLA
427,"CLCN5, CLCK2, NPHL2, DENTS"
427,"DSPP, DPP, DGI1, DFNA39, DTDP2"
427,"DSPP, DPP, DGI1, DFNA39, DTDP2"
427,"DSPP, DPP, DGI1, DFNA39, DTDP2"
427,"OCRL, LOCR, OCRL1, NPHL2"
427,WT1
427,"PDGFB, SIS"
427,"ERCC6, CKN2, COFS, CSB"
427,"APC, GS, FPC"
430,"DHCR24, KIAA0018"
430,"AVPR2, DIR, DI1, ADHR"
432,AQP2
433,AQP2
434,"AVP, AVRP, VP"
435,"ABCC8, SUR, PHHI, SUR1"
438,"TCF1, HNF1A, MODY3"
439,"SUMO4, IDDM5"
440,"PTPN8, PEP, PTPN22, LYP"
440,INSR
441,"PPARG, PPARG1, PPARG2"
441,GCK
443,GCGR
444,GPD2
445,"HNF4A, TCF14, MODY1"
446,IRS2
447,"MAPK8IP1, IB1"
449,"NEUROD1, NIDDM"
450,"TCF2, HNF2"
451,"TCF1, HNF1A, MODY3"
452,IRS1
453,"SLC2A2, GLUT2"
454,"SLC2A4, GLUT4"
455,CAPN10
456,"ENPP1, PDNP1, NPPS, M6S1, PCA1"
457,"RETN, RSTN, FIZZ3"
457,PTF1A
457,"KCNJ11, BIR, PHHI"
457,AKT2
458,IPF1
458,"FOXP3, IPEX, AIID, XPID, PIDX"
459,"KCNJ11, BIR, PHHI"
459,"ACE, DCP1, ACE1"
460,VEGF
461,"SLC26A2, DTD, DTDST, D5S1708, EDM4"
462,"SLC26A2, DTD, DTDST, D5S1708, EDM4"
462,"TBX1, DGS, CTHM, CAFS, TGA, DORV, VCFS, DGCR"
462,"DPYS, DHP"
462,"DSP, KPPS2, PPKS2"
462,"DMGDH, DMGDHD"
462,POR
462,COL1A1
463,LIG1
465,TOP1
465,"TOP2A, TOP2"
466,DBH
466,DBH
466,"DAX1, AHC, AHX, NROB1"
466,"CFC1, CRYPTIC, HTX2"
466,MTR
466,"EFEMP1, FBNL, DHRD"
466,FAAH
466,"SALL4, HSAL4"
466,"ABCC2, CMOAT"
466,"DMD, BMD"
467,"DYM, FLJ90130, DMC, SMC"
467,ALB
468,"IKBKAP, IKAP"
470,"ADAR, DRADA, DSH, DSRAD"
470,"GATA1, GF1, ERYF1, NFE1"
470,FGA
470,FGA
470,FGB
470,FGG
470,"DKC1, DKC"
470,"TERC, TRC3, TR"
470,"DYX1C1, DYXC1, DYX1"
470,"KIAA0319, DYX2, DYLX2, DLX2"
470,F2
470,"HSPG2, PLC, SJS, SJA, SJS1"
470,"ATP1A3, DYT12, RDP"
471,"DYT1, TOR1A"
472,"GCH1, DYT5"
472,"DYT1, TOR1A"
472,DRD2
472,"SGCE, DYT11"
473,"DRD5, DRD1B, DRD1L2"
473,"TTR, PALB"
474,COL7A1
474,COL7A1
474,"ED1, EDA, HED"
475,"GJB6, CX30, DFNA3, HED, ED2"
475,EDARADD
476,"IKBKG, NEMO, FIP3, IP2"
476,"NFKBIA, IKBA"
477,"EDAR, DL, ED3, EDA3"
479,"EDAR, DL, ED3, EDA3"
479,"IKBKG, NEMO, FIP3, IP2"
479,"HVEC, PVRL1, PVRR1, PRR1"
479,PKP1
481,"FBN1, MFS1, WMS"
482,"PAX6, AN2, MGDA"
483,"TP73L, TP63, KET, EEC3, SHFM4, LMS, RHS"
484,"TNXB, TNX, TNXB1, TNXBS, TNXB2"
485,"TNXB, TNX, TNXB1, TNXBS, TNXB2"
487,"B4GALT7, XGALT1, XGPT1"
491,COL1A1
492,COL5A1
492,COL5A2
493,COL5A1
493,COL3A1
493,COL3A1
493,"PLOD, PLOD1"
493,COL1A1
493,COL1A2
493,"ADAMTS2, NPI"
493,ACTN3
493,"EPB41, EL1"
493,SPTA1
493,SPTB
493,"SLC4A1, AE1, EPB3"
493,EVC
493,"LBN, EVC2"
493,"EMD, EDMD, STA"
493,"LMNA, LMN1, EMD2, FPLD, CMD1A, HGPS, LGMD1B"
493,"LMNA, LMN1, EMD2, FPLD, CMD1A, HGPS, LGMD1B"
493,"PI, AAT"
493,"PI, AAT"
493,"SERPINI1, PI12"
493,COX10
494,"PTHR1, PTHR"
494,"CDH1, UVO"
494,MSH3
495,"MSH6, GTBP, HNPCC5"
495,"PTEN, MMAC1"
495,TLR4
495,"COLQ, EAD"
495,"NR2E3, PNR, ESCS"
495,"SLC26A4, PDS, DFNB4"
495,ENO3
495,"PRSS7, ENTK"
495,EPX
495,"EVER1, EV1"
495,"EVER2, EV2"
495,COL7A1
495,COL7A1
495,"COL17A1, BPAG2"
495,ITGB4
495,"LAMA3, LOCS"
495,LAMB3
495,"LAMC2, LAMNB2, LAMB2T"
495,LAMB3
495,"LAMC2, LAMNB2, LAMB2T"
495,"LAMA3, LOCS"
495,ITGB4
495,ITGA6
495,"DSP, KPPS2, PPKS2"
496,ITGB4
496,COL7A1
496,COL7A1
496,KRT14
496,KRT5
496,"PLEC1, PLTN, EBS1"
496,KRT14
497,KRT5
497,KRT10
498,KRT1
500,"KRT9, EPPK"
502,"KCNQ2, EBN1"
504,"KCNQ3, EBN2, BFNC2"
504,"GABRG2, GEFSP3, CAE2, ECA2"
505,"CLCN2, EGMA, ECA3, EGI3"
505,"JRK, JH8"
507,"CACNB4, EJM"
507,"GABRG2, GEFSP3, CAE2, ECA2"
507,"SCN1A, GEFSP2, SMEI"
508,ME2
508,"CLCN2, EGMA, ECA3, EGI3"
508,"CACNB4, EJM"
508,"CLCN2, EGMA, ECA3, EGI3"
509,"GABRA1, EJM"
510,"EPM2A, MELF, EPM2"
511,"NHLRC1, EPM2A, EPM2B"
512,"SLC25A22, GC1"
514,"CHRNA4, ENFL1"
514,"CHRNB2, EFNL3"
515,"LGI1, EPT, ETL1"
515,"CSTB, STFB, EPM1"
515,"NHLRC1, EPM2A, EPM2B"
515,"SCN1A, GEFSP2, SMEI"
516,"CLCN2, EGMA, ECA3, EGI3"
517,SYN1
518,"COMP, EDM1, MED, PSACH"
519,"SLC26A2, DTD, DTDST, D5S1708, EDM4"
520,"COL9A3, EDM3, IDD"
520,"MATN3, EDM5, HOA"
520,"COL9A1, MED"
520,"COL9A2, EDM2"
520,"COL9A3, EDM3, IDD"
520,"KCNA1, AEMK, EA1"
520,"CACNA1A, CACNL1A4, SCA6"
520,OPCML
520,"MYH9, MHA, FTNS, DFNA17"
522,"SCN9A, NENA, PN1"
523,HBA1
523,HBB
523,HBA2
523,EPOR
523,LOR
523,"GJB3, CX31, DFNA2"
523,"GJB4, CX30.3"
523,"TGFBR2, HNPCC6"
523,RNF6
523,"LZTS1, F37, FEZ1"
523,"WWOX, FOR"
524,"ESR1, ESR"
526,"ETHE1, HSCO, D83198"
527,"EWSR1, EWS"
528,"LDHA, LDH1"
530,EXT1
531,EXT2
532,"FZD4, EVR1"
535,"LRP5, BMND1, LRP7, LR3, OPPG, VBCH2"
537,"LRP5, BMND1, LRP7, LR3, OPPG, VBCH2"
537,"NDP, ND"
538,"PAX6, AN2, MGDA"
538,NPC1L1
539,GLA
540,"FSHMD1A, FSHD1A"
541,"HF1, CFH, HUS"
542,MCFD2
544,F7
545,F10
546,F11
547,F11
548,"F12, HAF"
549,"F13A1, F13A"
550,F13B
551,"MEFV, MEF, FMF"
551,"FANCA, FACA, FA1, FA, FAA"
552,"FAAP95, FAAP90, FLJ34064, FANCB"
553,"FANCC, FACC"
553,"BRCA2, FANCD1"
554,"FANCD2, FANCD, FACD, FAD"
555,"FANCE, FACE"
556,FANCF
557,"XRCC9, FANCG"
558,"BRIP1, BACH1, FANCJ"
559,"PHF9, FANCL"
560,"FANCM, KIAA1596"
561,"SLC2A2, GLUT2"
562,"ASAH, AC"
562,"HADHA, MTPA"
562,"G6PD, G6PD1"
563,"MYH9, MHA, FTNS, DFNA17"
564,"MYCN, NMYC, ODED, MODED"
565,"GNRHR, LHRHR"
566,"SPINK1, PSTI, PCTT, TATI"
567,"SOS1, GINGF, GF1, HGF"
568,"ANTXR2, CMG2, JHF, ISH"
570,"KIF21A, KIAA1708, FEOM1, CFEOM1"
571,"PHOX2A, ARIX, CFEOM2"
572,"GDF5, CDMP1"
572,LCAT
572,FMO3
572,KNG
572,"DPYD, DPD"
572,"TSC1, LAM"
572,FSHB
572,TDGF1
572,"PAX6, AN2, MGDA"
572,"RDS, RP7, PRPH2, PRPH, AVMD, AOFMD"
574,"FMR1, FRAXA"
574,FRAS1
575,FREM2
575,WT1
575,"FRDA, FARR"
576,"FRDA, FARR"
578,"FLNA, FLN1, ABPX, NHBP, OPD1, OPD2, FMD, MNS"
578,FBP1
580,ALDOB
580,KHK
581,"COL8A2, FECD, PPCD2"
582,FUCA1
583,FUT6
584,FH
586,RDH5
587,RLBP1
588,"ABCA4, ABCR, STGD1, FFM, RP19"
588,"G6PD, G6PD1"
589,"ABAT, GABAT"
589,GALK1
589,GALE
589,GALT
589,"PPGB, GSL, NGBE, GLB2, CTSA"
589,GAMT
589,"APC, GS, FPC"
589,"APC, GS, FPC"
589,"IRF1, MAR"
589,"CDH1, UVO"
590,IL1B
590,IL1RN
590,"CASP10, MCH4, ALPS2"
590,"ERBB2, NGL, NEU, HER2"
590,"FGFR2, BEK, CFD1, JWS"
594,"KLF6, COPEB, BCD1, ZF9"
596,MUTYH
596,"KIT, PBT"
596,PDGFRA
597,GBA
598,"PSAP, SAP1"
598,GBA
599,"ROBO3, RBIG1, RIG1, HGPPS"
600,"KCNMA1, SLO"
601,"SCN1B, GEFSP1"
602,BCL10
603,"KIT, PBT"
603,"PRNP, PRIP"
603,"GAN, GAN1"
603,"PDGFB, SIS"
604,CYP7B1
607,GP1BB
608,"UGT1A1, UGT1, GNT1"
608,"SLC12A3, NCCT, TSC"
608,"ITGA2B, GP2B, CD41B"
608,"ITGB3, GP3A"
609,"MYOC, TIGR, GLC1A, JOAG, GPOA"
609,"MYOC, TIGR, GLC1A, JOAG, GPOA"
609,"OPTN, GLC1E, FIP2, HYPL, NRP"
610,"CYP1B1, GLC3A"
610,"CYP1B1, GLC3A"
610,"MYOC, TIGR, GLC1A, JOAG, GPOA"
610,"OPA1, NTG, NPG"
610,"OPTN, GLC1E, FIP2, HYPL, NRP"
610,"CYP1B1, GLC3A"
610,"CYP1B1, GLC3A"
610,"MSH2, COCA1, FCC1, HNPCC1"
610,DMBT1
610,"ERBB2, NGL, NEU, HER2"
610,"LGI1, EPT, ETL1"
614,"PPARG, PPARG1, PPARG2"
614,"TCF2, HNF2"
614,"ACTN4, FSGS1, FSGS"
615,"TRPC6, TRP6, FSGS2"
617,"CD2AP, CMS"
617,"GLML, GVM, VMGLOM"
618,"MRAP, FALP, C21orf61"
619,MC2R
619,"SLC5A1, SGLT1"
622,"SLC2A1, GLUT1"
623,GCS1
624,FTCD
624,GCDH
625,"ETFA, GA2, MADD"
626,"ETFB, MADD"
627,"ETFDH, MADD"
627,"GSS, GSHS"
627,GK
628,"AMT, NKH, GCE"
628,"GCSH, NKH"
630,"GLDC, HYGN1, GCSP, GCE, NKH"
632,GNMT
633,PHKG2
634,"PHKA2, PHK"
638,"PHKA2, PHK"
639,"G6PC, G6PT"
640,G6PT1
641,G6PT1
643,GAA
644,"LAMP2, LAMPB"
644,"AGL, GDE"
646,"AGL, GDE"
647,GBE1
647,GYS2
648,PYGL
648,PFKM
648,GLB1
649,GM2A
650,"HEXA, TSD"
651,"TMEM16E, GDD1"
651,"TPO, TPX"
652,"TG, AITD3"
653,KIAA1279
654,DHH
656,"SRY, TDF"
657,"BCS1L, FLNMS, GRACILE"
657,"IL10, CSIF"
657,CTLA4
657,"GC, DBP"
657,"LBR, PHA"
657,"GLI3, PAPA, PAPB, ACLS"
659,"MYO5A, MYH12, GS1"
660,"RAB27A, RAM, GS2"
660,MLPH
660,GHRHR
660,STAT5B
660,IGF1
660,"HOXA13, HOX1J"
660,OAT
660,"ATP2C1, BCPM, HHD"
660,"CTSC, CPPI, PALS, PLS, HMS"
660,"HOXA13, HOX1J"
661,CPO
662,"PANK2, NBIA1, PKAN, HARP"
662,"SLC6A19, HND"
663,"TP73L, TP63, KET, EEC3, SHFM4, LMS, RHS"
663,"ABCA1, ABC1, HDLDT1, TGD"
664,"ESR1, ESR"
664,"WFS1, WFRS, WFS, DFNA6"
665,"SCN5A, LQT3, IVF, HB1, SSS1"
666,"SCN5A, LQT3, IVF, HB1, SSS1"
668,HBA2
668,HBA1
668,HBB
668,"HADHA, MTPA"
668,VHL
668,"FLT4, VEGFR3, PCL"
668,KDR
668,ELA2
668,COL4A4
669,HMOX1
669,"CACNA1A, CACNL1A4, SCA6"
670,"HFE, HLA-H, HFE1"
670,"HAMP, LEAP1, HEPC, HFE2"
670,"HAMP, LEAP1, HEPC, HFE2"
670,"HJV, HFE2A"
670,"TFR2, HFE3"
670,"SLC40A1, SLC11A3, FPN1, IREG1, HFE4"
670,HBA2
675,AK1
675,"SLC4A1, AE1, EPB3"
676,BPGM
676,"G6PD, G6PD1"
676,"GCLC, GLCLC"
677,GPI
679,"GSS, GSHS"
681,HK1
681,"PGK1, PGKA"
681,TPI1
681,"HF1, CFH, HUS"
681,"PRF1, HPLH2"
681,"UNC13D, MUNC13-4, HPLH3, HLH3, FHL3"
681,"F8, F8C, HEMA"
682,"F9, HEMB"
683,"PI, AAT"
684,F5
684,CP
684,"TCF1, HNF1A, MODY3"
684,"SCOD1, SCO1"
684,LIPC
686,CTNNB1
686,"PDGFRL, PDGRL, PRLTS"
688,"AXIN1, AXIN"
689,CTNNB1
689,"TP53, P53, LFS1"
689,"IGF2R, MPRI"
689,MET
689,"CASP8, MCH5"
696,"ENG, END, HHT1, ORW"
697,"ACVRL1, ACVRLK1, ALK1, HHT2"
698,"AFP, HPAFP"
698,HPS1
699,HPS3
701,HPS4
702,"HPS5, RU2, KIAA1017"
703,"HPS6, RU"
703,"AP3B1, ADTB3A, HPS2"
703,"DTNBP1, HPS7"
704,"CFC1, CRYPTIC, HTX2"
705,"ZIC3, HTX1, HTX"
708,"FLNA, FLN1, ABPX, NHBP, OPD1, OPD2, FMD, MNS"
708,"FLNA, FLN1, ABPX, NHBP, OPD1, OPD2, FMD, MNS"
708,"FLNA, FLN1, ABPX, NHBP, OPD1, OPD2, FMD, MNS"
708,"HEXA, TSD"
710,KNG
712,EDN3
712,GDNF
712,"NRTN, NTN"
716,"RET, MEN2A"
717,"EDNRB, HSCR2, ABCDS"
718,ECE1
719,"PMX2B, NBPHOX, PHOX2B"
720,"HAL, HSTD"
721,"TP53, P53, LFS1"
723,"CCL5, SCYA5, D17S136E, TCP228"
723,"CCL5, SCYA5, D17S136E, TCP228"
723,"IL10, CSIF"
724,"CMKBR2, CCR2"
724,"CMKBR5, CCCKR5"
724,HMGCL
724,HMGCS2
724,"HLCS, HCS"
724,"SIX3, HPE2"
724,"SHH, HPE3, HLP3, SMMCI"
724,"TGIF, HPE4"
725,"ZIC2, HPE5"
725,"PTCH, NBCCS, BCNS, HPE7"
726,TBX5
727,CTH
728,CBS
731,MTHFR
732,MTRR
733,"SLC3A1, ATR1, D2H, NBAT"
734,"DKC1, DKC"
736,HBB
737,HBG1
737,HBG2
738,"HPRT1, HPRT"
739,IFNGR1
739,"HD, IT15"
740,"PRNP, PRIP"
741,"JPH3, JP3, HDL2"
742,"TBP, SCA17"
742,"ANTXR2, CMG2, JHF, ISH"
743,"L1CAM, CAML1, HSAS1"
743,"L1CAM, CAML1, HSAS1"
743,"L1CAM, CAML1, HSAS1"
743,CETP
746,"PYCS, GSAS"
746,"CYP21A2, CYP21, CA21H"
748,"PPARA, PPAR"
749,"UGT1A1, UGT1, GNT1"
749,"SAC, HCA2"
750,BAAT
751,EPHX1
752,"TJP2, ZO2"
752,"APOB, FLDB"
752,"LDLR, FHC, FH"
752,"PCSK9, NARC1, HCHOLA3, FH3"
752,"ARH, FHCB2, FHCB1"
752,EPHX2
752,APOA2
752,GSBS
752,"ITIH4, PK120, ITIHL1"
752,"GLRA1, STHE"
752,GLRB
752,PDGFRA
752,FTL
754,"MVK, MVLK"
755,GCK
757,GLUD1
757,"SCN4A, HYPP, NAC1A"
757,"CCM1, CAM, KRIT1"
757,"USF1, HYPLIP1"
758,APOC2
759,"APOE, AD2"
761,AASS
761,"MAT1A, MATA1, SAMS1"
762,"AHCY, SAHH"
763,"SLC25A15, ORNT1, HHH"
764,"LRP5, BMND1, LRP7, LR3, OPPG, VBCH2"
764,"AGXT, SPAT"
765,"GRHPR, GLXR"
766,MEN1
767,"HRPT2, C1orf28"
768,"HRPT2, C1orf28"
769,"CASR, HHC1, PCAR1, FIH"
769,"PCBD, DCOH"
769,"PAH, PKU1"
770,INS
771,"PRODH, PRODH2, SCZD4"
772,"ALDH4A1, ALDH4, P5CDH"
772,REN
773,F2
774,KCNMB1
774,"NR3C2, MLR, MCR"
774,"AGTR1, AGTR1A, AT2R1"
774,"PTGIS, CYP8A1, PGIS, CYP8"
775,ADD1
776,"AGT, SERPINA8"
776,ECE1
776,GNB3
777,"RETN, RSTN, FIZZ3"
777,"HSD11B2, HSD11K"
778,NOS3
778,"CYP3A5, P450PCN3"
778,NOS3
779,TSHR
779,"TPO, TPX"
779,APOA1
780,APOA5
781,"LIPI, LPDL, PRED5"
782,"RP1, ORP1"
782,"CFTR, ABCC7, CF, MRP7"
783,"UMOD, HNFJ, FJHN, MCKD2, ADMCKD2"
783,CYP11B2
784,CYP11B2
785,APOA1
786,"APOB, FLDB"
787,"CASR, HHC1, PCAR1, FIH"
787,"CASR, HHC1, PCAR1, FIH"
787,"CASR, HHC1, PCAR1, FIH"
787,CP
787,"FGFR3, ACH"
787,HBA2
787,PAX9
787,"MSX1, HOX7, HYD1, OFC5"
788,"MSX1, HOX7, HYD1, OFC5"
788,FGG
788,"BLNK, SLP65"
788,"ABCC8, SUR, PHHI, SUR1"
791,"ABCC8, SUR, PHHI, SUR1"
792,LHB
793,GPR54
793,NELF
793,"GNRHR, LHRHR"
794,LHCGR
794,HP
794,"CACNA1S, CACNL1A3, CCHL1A3"
794,"KCNE3, HOKPP"
794,"SCN4A, HYPP, NAC1A"
794,"LCT, LAC, LPH"
794,MCM6
794,"FXYD2, ATP1G1, HOMG2"
795,"CLDN16, PCLN1"
797,"TRPM6, CHAK2"
798,PTH
799,PTH
801,GCMB
802,"TBCE, KCS, KCS1, HRD"
802,"GATA3, HDR"
802,"ALPL, HOPS, TNSALP"
802,"ALPL, HOPS, TNSALP"
802,"CLCN5, CLCK2, NPHL2, DENTS"
802,"PHEX, HYP, HPDR1"
803,"FGF23, ADHR, HPDR2, PHPTC"
804,ENAM
805,"GJA1, CX43, ODDD, SDTY3, ODOD"
805,F2
805,CTLA4
806,"SLC5A5, NIS"
807,"DUOX2, THOX2"
809,PAX8
810,TSHR
811,"TG, AITD3"
812,TSHB
812,TSHR
814,"CDH3, CDHP, PCAD, HJMD"
814,"DSG4, LAH"
814,"SOX18, HLTS"
816,"CDSN, HTSS"
817,"SLC22A12, OAT4L, URAT1"
817,"GJB2, CX26, DFNB1, PPK, DFNA3, KID, HID"
819,"TGM1, ICR2, LI1"
819,ALOX12B
820,ALOXE3
821,"KRT2A, KRT2E"
822,ICHYN
822,KRT10
823,"ABCA12, ICR2B, LI2"
824,KRT1
824,"ABCA12, ICR2B, LI2"
825,"TGM1, ICR2, LI1"
826,"STS, ARSC1, ARSC, SSDD"
827,"ICOS, AILIM"
827,"PHF11, NYREN34"
829,IGHG2
830,"FCGR1A, IGFR1, CD64"
830,"DNMT3B, ICF"
831,CD3E
831,CD3G
832,"AICDA, AID, HIGM2"
833,"TNFRSF5, CD40"
835,"UNG, DGU, HIGM4"
836,"TNFSF5, CD40LG, HIGM1, IGM"
836,"FOXP3, IPEX, AIID, XPID, PIDX"
837,"TNFRSF14B, TACI"
838,MYH2
839,"GNE, GLCNE, IBM2, DMRV, NM"
840,"VCP, IBMPFD"
840,"IKBKG, NEMO, FIP3, IP2"
840,"ARX, ISSX, PRTS, MRXS1, MRX36, MRX54"
841,"SOX3, MRGH"
842,ITPA
843,"NTRK1, TRKA, MTC"
844,GABRB3
845,"PRNP, PRIP"
847,"PPARG, PPARG1, PPARG2"
847,"PPP1R3A, PPP1R3"
847,"PTPN1, PTP1B"
847,"IL2RA, IL2R"
847,"COL9A2, EDM2"
848,"COL9A3, EDM3, IDD"
849,IGF1R
850,IGF2
851,"GIF, IF"
853,"IRAK4, REN64"
854,"FOXC1, FKHL7, FREAC3"
855,"PITX2, IDG2, RIEG1, RGS, IGDS2"
856,"FOXC1, FKHL7, FREAC3"
857,TF
858,"FTH1, FTHL6"
859,"GH1, GHN"
862,IVD
862,"FGFR1, FLT2, KAL2"
863,"FGFR2, BEK, CFD1, JWS"
865,"TIMM8A, DFN1, DDP, MTS, DDP1"
868,"KCNE1, JLNS, LQT5"
869,"KCNQ1, KCNA9, LQT1, KVLQT1, ATFB1"
870,"NPHP1, NPH1, SLSN1"
871,AHI1
872,"ATRX, XH2, XNP, MRXS3, SHS"
873,"MADH4, DPC4, SMAD4, JIP"
873,"KLK1, KLKR"
873,"FGFR1, FLT2, KAL2"
873,"KAL1, KMS, ADMLX"
873,NAGA
873,"IL6, IFNB2, BSF2"
873,IGKC
874,"DNAH11, DNAHC11"
874,"DNAH5, HL1, PCD, CILD3"
875,"DNAI1, CILD1, ICS, PCD"
875,"TBCE, KCS, KCS1, HRD"
876,"PAX6, AN2, MGDA"
877,"GJB2, CX26, DFNB1, PPK, DFNA3, KID, HID"
877,"VSX1, RINX, PPCD, PPD, KTCN"
877,"GJB2, CX26, DFNB1, PPK, DFNA3, KID, HID"
877,"SAT, SSAT, KFSD"
877,KRT1
877,DSG1
877,"DSP, KPPS2, PPKS2"
877,KRT1
877,"SCOT, OXCT"
877,"MGP, NTI"
877,"KIND1, URP1, C20orf42"
877,KNG
878,"VG5Q, HUS84971, FLJ10283"
878,COL2A1
880,"COL18A1, KNO"
881,GALC
882,"L2HGDH, C14orf160"
883,LDHB
883,PDX1
884,"SHOX, GCFX, SS, PHOG"
886,SHOXY
886,GHR
886,"FLNB, SCT, AOI"
886,"LAMA3, LOCS"
886,"SC5DL, ERG3"
886,"HADHA, MTPA"
886,ALAD
886,"AGRP, ART, AGRT"
886,"CRB1, RP12"
886,"CRX, CORD2, CRD"
886,"RPGRIP1, LCA6, CORD9"
886,"RPE65, RP20"
886,"AIPL1, LCA4"
886,"GUCY2D, GUC2D, LCA1, CORD6"
886,"RDH12, LCA3"
886,ACVR2B
886,"EBAF, TGFB4, LEFTY2, LEFTA, LEFTYA"
886,"DTNA, D18S892E, DRP3, LVNC1"
886,"DTNA, D18S892E, DRP3, LVNC1"
886,"TLR5, TIL3"
886,"BCS1L, FLNMS, GRACILE"
886,"DLD, LAD, PHE3"
886,NDUFS3
886,"NDUFS4, AQDQ"
886,"NDUFS7, PSST"
886,NDUFS8
886,"NDUFV1, UQOR1"
886,"SDHA, SDH2, SDHF"
886,SURF1
886,COX15
886,"LRPPRC, LRP130, LSFC"
886,"PDHA1, PHE1A"
886,FH
886,COL4A6
886,"PTPN11, PTP2C, SHP2, NS1"
886,INSR
886,"PRKN, PARK2, PDJ"
886,"SHOX, GCFX, SS, PHOG"
886,SHOXY
886,"HPRT1, HPRT"
886,"TAL1, TCL5, SCL"
886,TAL2
886,FLT3
886,"NBS1, NBS"
886,"ZNFN1A1, IK1, LYF1"
889,"HOXD4, HOX4B"
891,"BCR, CML, PHL, ALL"
891,ARNT
891,"KRAS2, RASK2"
891,GMPS
891,AF10
894,"ARHGEF12, LARG, KIAA0382"
895,"CALM, CLTH"
896,"CEBPA, CEBP"
896,"CHIC2, BTL"
897,FLT3
898,"KIT, PBT"
898,LPP
899,NPM1
901,"NUP214, D9S46E, CAN, CAIN"
902,"RUNX1, CBFA2, AML1"
902,"WHSC1L1, NSD3"
902,FLT3
902,AF1Q
902,NPM1
903,NUMA1
903,"ZNF145, PLZF"
904,"PML, MYL"
904,STAT5B
904,AF10
904,"CALM, CLTH"
906,"ARL11, ARLTS1"
908,"P2RX7, P2X7"
908,"BCR, CML, PHL, ALL"
908,GRAF
908,"NF1, VRNF, WSS, NFNS"
909,"PTPN11, PTP2C, SHP2, NS1"
910,BCL2
910,"CCND1, PRAD1, BCL1"
911,TCRA
911,"GATA1, GF1, ERYF1, NFE1"
912,"GATA1, GF1, ERYF1, NFE1"
912,ABL1
912,"NQO1, DIA4, NMOR1"
912,"NUP214, D9S46E, CAN, CAIN"
912,"ITGB2, CD18, LCAMB, LAD"
912,"EIF2B1, EIF2BA"
912,EIF2B2
913,EIF2B3
914,"EIF2B5, LVWM, CACH, CLE"
915,EIF2B4
916,LHCGR
917,"PTEN, MMAC1"
918,SCNN1B
918,"SCNN1G, PHA1"
918,"CDKN2A, MTS1, P16, MLM, CMM2"
918,"TP53, P53, LFS1"
919,"CHEK2, RAD53, CHK2, CDS1, LFS2"
920,LIG4
920,"TP73L, TP63, KET, EEC3, SHFM4, LMS, RHS"
921,"AGPAT2, LPAAB, BSCL, BSCL1"
921,"BSCL2, SPG17"
921,"LMNA, LMN1, EMD2, FPLD, CMD1A, HGPS, LGMD1B"
921,"PPARG, PPARG1, PPARG2"
921,"PPARGC1A, PPARGC1"
925,STAR
925,"CYP11A, P450SCC"
925,ECM1
925,"HMGA2, HMGIC, BABL, LIPO"
925,LPP
925,MEN1
925,"HMGA2, HMGIC, BABL, LIPO"
925,"LPL, LIPD"
925,"PAFAH1B1, LIS1"
925,"RELN, RL"
925,"DCX, DBCN, LISX"
925,"ARX, ISSX, PRTS, MRXS1, MRX36, MRX54"
930,"CDH1, UVO"
931,TGFBR1
933,"TGFBR2, HNPCC6"
935,CETP
936,AKAP10
937,"KCNQ1, KCNA9, LQT1, KVLQT1, ATFB1"
937,"KCNH2, LQT2, HERG"
937,"SCN5A, LQT3, IVF, HB1, SSS1"
937,"ANK2, LQT4"
937,"KCNE1, JLNS, LQT5"
938,"KCNE2, MIRP1, LQT6"
939,"KCNJ2, HHIRK1, KIR2.1, IRK1, LQT7"
940,DCTN1
940,"OCRL, LOCR, OCRL1, NPHL2"
940,CYP11B2
940,LPA
940,CILP
940,"KRAS2, RASK2"
942,PPP2R1B
942,"SLC22A1L, BWSCR1A, IMPT1"
943,"MAP3K8, COT, EST, TPL2"
944,"FCGR2A, IGFR2, CD32"
945,"TSC1, LAM"
947,"TSC2, LAM"
947,"FOXC2, FKHL14, MFH1"
948,"FOXC2, FKHL14, MFH1"
948,"FOXC2, FKHL14, MFH1"
948,"FLT4, VEGFR3, PCL"
948,"FOXC2, FKHL14, MFH1"
950,RAP1GDS1
950,"ATM, ATA, AT1"
952,BCL8
953,BCL10
955,BCL10
956,"ATM, ATA, AT1"
957,RAD54B
958,"RAD54L, HR54, HRAD54"
959,"FCGR2B, CD32"
960,"MAD1L1, TXBP181"
961,"MSH2, COCA1, FCC1, HNPCC1"
962,"SH2D1A, LYP, IMD5, XLP, XLPD"
963,"MSH2, COCA1, FCC1, HNPCC1"
964,"SLC7A7, LPI"
965,"ATXN3, MJD, SCA3"
965,"IRF1, MAR"
969,"GATA1, GF1, ERYF1, NFE1"
970,"CHST6, MCDC1"
970,"HF1, CFH, HUS"
971,"HMCN1, FBLN6, FIBL6"
971,"FBLN5, ARMD3"
973,"CNGB3, ACHM3"
974,"RPGR, RP3, CRD, RP15, COD1"
975,"RDS, RP7, PRPH2, PRPH, AVMD, AOFMD"
975,"ABCA4, ABCR, STGD1, FFM, RP19"
978,"ELOVL4, ADMD, STGD2, STGD3"
978,"RDS, RP7, PRPH2, PRPH, AVMD, AOFMD"
978,VMD2
978,VMD2
978,"FKBP5, FKBP51"
978,CD36
979,CD36
981,ICAM1
982,"TNF, TNFA"
984,"GYPC, GE, GPC"
985,"NOS2A, NOS2"
986,"RYR1, MHS, CCO"
986,"CACNA1S, CACNL1A3, CCHL1A3"
986,"MLYCD, MCD"
986,"MALT1, MLT"
987,"ZMPSTE24, FACE1, STE24, MADB"
988,"MAN2B1, MANB"
990,"MANBA, MANB1"
990,"BCKDHA, MSUD1"
990,"BCKDHB, E1B"
990,"DBT, BCATE2"
990,"DLD, LAD, PHE3"
990,"FBN1, MFS1, WMS"
990,COL1A2
990,"ARSB, MPS6"
990,"COL11A1, STL2"
990,"L1CAM, CAML1, HSAS1"
990,MASP2
990,"FBN1, MFS1, WMS"
990,"KIT, PBT"
990,"KIT, PBT"
990,"ACP33, MAST, SPG21"
990,"MYH9, MHA, FTNS, DFNA17"
990,PYGM
990,"GNAS, GNAS1, GPSA, POH, PHP1B, PHP1A, AHO"
990,"MKKS, HMCS, KMS, MKS, BBS6"
990,XK
990,XK
990,"UMOD, HNFJ, FJHN, MCKD2, ADMCKD2"
990,"RET, MEN2A"
990,"NTRK1, TRKA, MTC"
990,PTCH2
990,"SUFU, SUFUXL, SUFUH"
990,KRT12
990,KRT3
991,"MKL1, AMKL, MAL"
992,"MLC1, LVM, VL"
993,"CUBN, IFCR, MGA1"
995,AMN
996,"CDK4, CMM3"
996,"CDKN2A, MTS1, P16, MLM, CMM2"
997,"CDKN2A, MTS1, P16, MLM, CMM2"
997,XRCC3
997,"STK11, PJS, LKB1"
999,BRAF
999,"SLURP1, MDM"
999,"FLNA, FLN1, ABPX, NHBP, OPD1, OPD2, FMD, MNS"
999,"LEMD3, MAN1"
999,BDNF
1001,"COCH, DFNA9"
1002,"MN1, MGCR"
1003,"PTEN, MMAC1"
1004,NF2
1004,"PDGFB, SIS"
1004,"MBL2, MBL, MBP1"
1005,"ATP7A, MNK, MK, OHS"
1006,"PRSS12, BSSP3"
1007,"CRBN, MRT2A"
1007,"NLGN4, KIAA1260, AUTSX2"
1007,"MECP2, RTT, PPMX, MRX16, MRX79"
1007,"PAK3, MRX30, MRX47"
1007,"IL1RAPL, MRX34"
1009,"ARX, ISSX, PRTS, MRXS1, MRX36, MRX54"
1011,"SLC6A8, CRTR"
1012,"FTSJ1, JM23, SPB1, MRX44, MRX9"
1012,"ZNF81, MRX45"
1012,"ARX, ISSX, PRTS, MRXS1, MRX36, MRX54"
1013,"TM4SF2, MXS1, A15"
1013,OPHN1
1013,"FTSJ1, JM23, SPB1, MRX44, MRX9"
1013,"FMR2, FRAXE, MRX2"
1014,"SMCX, MRXJ, DXS1272E, XE169, JARID1C"
1016,"GDI1, RABGD1A, MRX41, MRX48"
1016,"FACL4, ACS4, MRX63"
1016,"RPS6KA3, RSK2, MRX19"
1016,"ARHGEF6, MRX46, COOL2"
1016,AGTR2
1016,"FGD1, FGDY, AAS"
1016,ZNF41
1018,"DLG3, NEDLG, SAP102, MRX"
1020,"SMS, SRS, MRSR"
1020,"SOX3, MRGH"
1020,"MECP2, RTT, PPMX, MRX16, MRX79"
1020,"SLC6A8, CRTR"
1020,"CYP2C, CYP2C19"
1020,"SDHD, PGL1"
1020,WT1
1020,BCL10
1022,ARSA
1023,"PSAP, SAP1"
1023,"PTHR1, PTHR"
1023,COL10A1
1024,"RMRP, RMRPR, CHH"
1024,CYB5
1026,HBA1
1028,HBB
1029,DIA1
1030,DIA1
1031,"MAT1A, MATA1, SAMS1"
1031,MTR
1032,"ALDH6A1, MMSDH"
1032,"MUT, MCM"
1032,MMAA
1033,MMAB
1033,"MVK, MVLK"
1033,RFXANK
1033,"SLC25A19, DNC, MUP1, MCPHA"
1033,MCPH1
1033,"CDK5RAP2, KIAA1633, MCPH3"
1033,"ASPM, MCPH5"
1033,"CEMPJ, CPAP, MCPH6"
1033,"LAMB2, LAMS"
1034,LHCGR
1035,"CHX10, HOX10"
1035,SIX6
1036,"BCOR, KIAA1575, MAA2, ANOP2"
1037,"ATP1A2, FHM2, MHP2"
1037,EDNRA
1037,"ESR1, ESR"
1038,"TNF, TNFA"
1039,"YWHAE, MDCR, MDS"
1039,NDUFS1
1040,NDUFS2
1040,"NDUFS4, AQDQ"
1040,"NDUFV1, UQOR1"
1040,"BCS1L, FLNMS, GRACILE"
1040,"UQCRB, UQBP, QPC"
1040,TK2
1040,SUCLA2
1040,"DGUOK, DGK"
1040,"PUS1, MLASA"
1040,"SDHA, SDH2, SDHF"
1040,"DYSF, LGMD2B"
1040,"TCF2, HNF2"
1040,"TCF2, HNF2"
1040,INS
1040,"HNF4A, TCF14, MODY1"
1040,GCK
1040,"TCF1, HNF1A, MODY3"
1040,IPF1
1040,"TCF2, HNF2"
1040,"TIMM8A, DFN1, DDP, MTS, DDP1"
1041,"MOCS1, MOCOD"
1042,"MOCS2, MPTS"
1042,"GPH, KIAA1385, GEPH"
1042,"KRTHB1, HB1"
1042,"KRTHB6, HB6"
1042,"PAX6, AN2, MGDA"
1042,"ZFHX1B, SMADIP1, SIP1"
1042,MYMY3
1042,"CIAS1, C1orf7, FCU, FCAS"
1042,"MAML2, MAM3"
1042,"MECT1, KIAA0616"
1042,"GNPTAB, GNPTA"
1042,GNPTAG
1042,"MCOLN1, ML4"
1043,"IDUA, IDA"
1043,"IDUA, IDA"
1043,"IDS, MPS2, SIDS"
1043,"IDUA, IDA"
1043,"GALNS, MPS4A"
1045,GLB1
1045,"GNS, G6S"
1045,HYAL1
1046,"GUSB, MPS7"
1047,"FGFR3, ACH"
1047,"MLH1, COCA2, HNPCC2"
1047,"MSH2, COCA1, FCC1, HNPCC1"
1047,"TRIM37, MUL, KIAA0898"
1049,FH
1050,MEN1
1051,"RET, MEN2A"
1052,"RET, MEN2A"
1053,"TP53, P53, LFS1"
1054,"IRF4, LSIRF"
1054,LIG4
1054,"MHC2TA, C2TA"
1054,"PTPRC, CD45, LCA"
1054,"SUMF1, FGE"
1054,"POMGNT1, MEB"
1054,PHKA1
1054,"GDF8, MSTN"
1054,"FKRP, MDC1C, LGMD2I"
1054,"LAMA2, LAMM"
1055,"LAMA2, LAMM"
1055,"LARGE, KIAA0609, MDC1D"
1055,FCMD
1056,"TTID, MYOT"
1057,"CAPN3, CANP3"
1058,"DYSF, LGMD2B"
1059,"SGCG, LGMD2C, DMDA1, SCG3"
1059,"SGCA, ADL, DAG2, LGMD2D, DMDA2"
1059,"SGCB, LGMD2E"
1059,"SGCD, SGD, LGMD2F, CMD1L"
1059,"TCAP, LGMD2G, CMD1N"
1059,"TRIM32, HT2A, LGMD2H"
1059,"FKRP, MDC1C, LGMD2I"
1059,"TTN, CMD1G, TMD, LGMD2J"
1059,POMT1
1059,"CAV3, LGMD1C"
1059,"SEPN1, SELN, RSMD1"
1059,"PLEC1, PLTN, EBS1"
1059,"CMS1A1, FIM1"
1061,"SCN4A, HYPP, NAC1A"
1062,"CHRNB1, ACHRB, SCCMS, CMS2A, CMS1D"
1062,"CHRNE, SCCMS, CMS2A, FCCMS, CMS1E, CMS1D"
1062,"RAPSN, CMS1D, CMS1E"
1062,"CHAT, CMS1A2"
1063,"RAPSN, CMS1D, CMS1E"
1063,"CHRNA1, ACHRD, CMS2A, SCCMS, FCCMS"
1064,"CHRND, ACHRD, SCCMS, CMS2A, FCCMS"
1065,"CHRNE, SCCMS, CMS2A, FCCMS, CMS1E, CMS1D"
1066,"CHRNA1, ACHRD, CMS2A, SCCMS, FCCMS"
1067,"CHRNB1, ACHRB, SCCMS, CMS2A, CMS1D"
1070,"CHRND, ACHRD, SCCMS, CMS2A, FCCMS"
1070,"CHRNE, SCCMS, CMS2A, FCCMS, CMS1E, CMS1D"
1071,IL12RB1
1073,IFNGR1
1074,"IFNGR2, IFNGT1, IFGR2"
1075,STAT1
1075,"NRAMP1, NRAMP"
1077,MDS1
1078,"FACL6, ACS2"
1078,"IRF1, MAR"
1078,JAK2
1078,"FACL6, ACS2"
1080,"IRF1, MAR"
1081,CBFB
1081,"CSF1R, FMS"
1082,"CXCR4, D2S201E, NPY3R, WHIM"
1082,"PDGFRB, PDGFR"
1082,MPO
1082,"PDGFRB, PDGFR"
1084,AMPD1
1085,F7
1087,"APOE, AD2"
1087,"ACE, DCP1, ACE1"
1088,"ALOX5AP, FLAP"
1090,LGALS2
1091,"LTA, TNFB"
1091,"OLR1, LOX1"
1092,"THBD, THRM"
1093,"GCLM, GLCLR"
1095,"TNFSF4, GP34, OX4OL"
1096,"EFHC1, FLJ10466, EJM1"
1097,"GABRG2, GEFSP3, CAE2, ECA2"
1097,"ARX, ISSX, PRTS, MRXS1, MRX36, MRX54"
1097,"PGK1, PGKA"
1098,"KCNQ2, EBN1"
1099,ECGF1
1099,"ACTA1, ASMA, NEM3, NEM1"
1099,"ACTA1, ASMA, NEM3, NEM1"
1099,"CRYAB, CRYA2, CTPP2"
1099,MYF6
1099,ITGA7
1099,"DES, CMD1I"
1099,"DYSF, LGMD2B"
1101,"CAV3, LGMD1C"
1101,CPT2
1101,"PGAM2, PGAMM"
1101,"MYH7, CMH1, MPD1"
1102,"MYH7, CMH1, MPD1"
1103,"ACTA1, ASMA, NEM3, NEM1"
1104,"TTID, MYOT"
1105,"SCN4A, HYPP, NAC1A"
1106,CLCN1
1106,CLCN1
1106,CLCN1
1107,"DMPK, DM, DMK"
1107,"ZNF9, CNBP1, DM2, PROMM"
1107,"MTM1, MTMX"
1107,"DDIT3, GADD153, CHOP10"
1107,"PRKAR1A, TSE1, CNC1, CAR"
1110,NAGS
1110,"LMX1B, NPS1"
1110,"LMX1B, NPS1"
1110,NHS
1110,"HCRT, OX"
1111,"TP53, P53, LFS1"
1112,TREM2
1113,"TYROBP, PLOSL, DAP12"
1114,"JUP, DP3, PDGB"
1115,"TPM2, TMSB, AMCD1, DA1"
1115,"TPM3, NEM1"
1115,"NEB, NEM2"
1116,"TNNT1, ANM"
1117,"CLDN1, SEMP1"
1118,"AVPR2, DIR, DI1, ADHR"
1119,"CLCN5, CLCK2, NPHL2, DENTS"
1122,"ZNF365, UAN"
1126,"INVS, INV, NPHP2, NPH2"
1126,"NPHP4, SLSN4"
1126,"NPHP3, NPH3"
1126,"NPHP1, NPH1, SLSN1"
1126,"HF1, CFH, HUS"
1126,"CD151, PETA3, SFA1"
1126,"NPHS1, NPHN"
1126,"PDCN, NPHS2, SRN1"
1126,"SPINK5, LEKTI"
1126,"MTHFD, MTHFC"
1126,"NME1, NM23"
1126,"PMX2B, NBPHOX, PHOX2B"
1126,"PANK2, NBIA1, PKAN, HARP"
1126,"PMS2, PMSL2, HNPCC4"
1126,"NF1, VRNF, WSS, NFNS"
1126,"NF1, VRNF, WSS, NFNS"
1126,"NF1, VRNF, WSS, NFNS"
1126,NF2
1126,"MSH2, COCA1, FCC1, HNPCC1"
1126,MXI1
1126,"EGR2, KROX20"
1126,"MPZ, CMT1B, CMTDI3, CHM, DSS"
1126,"HSPB1, HSP27, CMT2F"
1128,"HSPB8, H11, E2IG1, DHMN2"
1128,"SPTLC1, LBC1, SPT1, HSN1, HSAN"
1128,"NGFB, HSAN5"
1129,HSN2
1130,"PMP22, CMT1A, CMT1E, DSS"
1130,"FCGR3A, CD16, IGFR3"
1130,ELA2
1132,"GFI1, ZNF163"
1133,"WAS, IMD2, THC"
1135,RAC2
1135,"PLOD, PLOD1"
1136,KRT10
1137,RLBP1
1137,"CYP2A6, CYP2A3, CYP2A, P450C2A"
1138,"CHRNA4, ENFL1"
1139,"GPR51, GABBR2"
1140,"SMPD1, NPD"
1141,"SMPD1, NPD"
1141,"NPC1, NPC"
1141,"NPC2, HE1"
1142,"NPC1, NPC"
1143,GNAT1
1144,"CSNB1, NYX"
1144,"PDE6B, PDEB, CSNB3"
1145,"CACNA1F, CSNB2"
1146,"RHO, RP4, OPN2"
1147,"NBS1, NBS"
1148,"GNE, GLCNE, IBM2, DMRV, NM"
1149,"TAZ, EFE2, BTHS, CMD3A, LVNCX"
1150,"CASP10, MCH4, ALPS2"
1151,"IRF1, MAR"
1152,EGFR
1153,BRAF
1154,"PTPN11, PTP2C, SHP2, NS1"
1154,"NDP, ND"
1154,LCAT
1154,"FUT2, SE"
1156,NP
1156,POMC
1156,MC4R
1156,"AKR1C2, DDH2, DD2, HAKRD"
1156,"NTRK2, TRKB"
1157,"AGRP, ART, AGRT"
1157,"NR0B2, SHP"
1161,"LEP, OB"
1161,"LEPR, OBR"
1161,"PPARG, PPARG1, PPARG2"
1161,"PPARG, PPARG1, PPARG2"
1161,SIM1
1162,UCP3
1163,"LEP, OB"
1163,MC3R
1163,"SLC6A14, OBX"
1163,ADRB2
1163,ADRB3
1163,CART
1164,"ENPP1, PDNP1, NPPS, M6S1, PCA1"
1165,GHRL
1166,UCP1
1166,UCP2
1168,"PCSK1, NEC1, PC1, PC3"
1168,"SLC6A4, HTT, OCD1"
1170,BDNF
1170,HTR2A
1170,"ATP7A, MNK, MK, OHS"
1170,OA1
1170,MC1R
1170,"MATP, AIM1"
1170,"GJA1, CX43, ODDD, SDTY3, ODOD"
1170,"BCOR, KIAA1575, MAA2, ANOP2"
1171,"PABPN1, PABP2, PAB2"
1171,"PABPN1, PABP2, PAB2"
1171,"ALPL, HOPS, TNSALP"
1172,SAG
1172,"RHOK, RK, GRK1"
1172,"PTEN, MMAC1"
1172,PAX9
1173,AXIN2
1173,"DCLRE1C, ARTEMIS, SCIDA"
1173,RAG1
1174,RAG2
1175,"MID1, OGS1, BBBG1, FXY, OSX"
1176,"CYP2C, CYP2C19"
1176,"OPA1, NTG, NPG"
1178,"OPA3, MGA3"
1178,PAX2
1178,"PAX6, AN2, MGDA"
1178,"OFD1, CXorf5"
1178,OTC
1178,"IRF6, VWS, LPS, PIT, PPS, OFC6"
1178,"CDKN2A, MTS1, P16, MLM, CMM2"
1178,"UMPS, OPRT"
1178,"SLC6A2, NAT1, NET1"
1179,"COL11A2, STL3, DFNA13"
1179,"GNAS, GNAS1, GPSA, POH, PHP1B, PHP1A, AHO"
1179,"ENPP1, PDNP1, NPPS, M6S1, PCA1"
1183,"MATN3, EDM5, HOA"
1184,"FRZB, FRZB1, SRFP3"
1186,"ASPN, PLAP1"
1186,COL2A1
1186,COL1A2
1186,COL1A1
1186,COL1A1
1188,COL1A1
1189,COL1A1
1189,"TNFRSF11A, RANK, ODFR, OFE"
1189,"MMP2, CLG4A, MONA"
1190,"LRP5, BMND1, LRP7, LR3, OPPG, VBCH2"
1190,"CLCN7, CLC7, OPTA2"
1190,"OSTM1, GL"
1191,"CLCN7, CLC7, OPTA2"
1192,"TCIRG1, TIRC7, OC116, OPTB1"
1192,"LEMD3, MAN1"
1192,COL1A1
1192,"LRP5, BMND1, LRP7, LR3, OPPG, VBCH2"
1192,"CALCA, CALC1"
1192,"SLC17A2, NPT2"
1192,COL1A2
1192,"CALCR, CRT"
1192,"LRP5, BMND1, LRP7, LR3, OPPG, VBCH2"
1192,RIL
1192,"TP53, P53, LFS1"
1192,"CHEK2, RAD53, CHK2, CDS1, LFS2"
1195,"FLNA, FLN1, ABPX, NHBP, OPD1, OPD2, FMD, MNS"
1196,"FLNA, FLN1, ABPX, NHBP, OPD1, OPD2, FMD, MNS"
1198,"BRCA1, PSCP"
1199,"MSH2, COCA1, FCC1, HNPCC1"
1200,PIK3CA
1201,"MSH6, GTBP, HNPCC5"
1204,"ERBB2, NGL, NEU, HER2"
1205,"CDH1, UVO"
1206,"RRAS2, TC21"
1207,CTNNB1
1209,"FSHR, ODG1"
1210,"BMP15, GDF9B, ODG2"
1210,"FSHR, ODG1"
1210,"FSHR, ODG1"
1212,EIF2B2
1212,EIF2B4
1213,"EIF2B5, LVWM, CACH, CLE"
1213,"KRT17, PC2, PCHC1"
1214,"KRT6B, PC2"
1215,KRT16
1215,KRT6A
1216,"TNFRSF11B, OPG, OCIF"
1216,"SQSTM1, P62, PDB3"
1216,"TNFRSF11A, RANK, ODFR, OFE"
1217,"MAPT, MTBT1, DDPAC, MSTD"
1218,"GLI3, PAPA, PAPB, ACLS"
1218,KRT16
1218,KRT16
1220,IPF1
1221,"ARMET, ARP"
1222,"BRCA2, FANCD1"
1223,"TP53, P53, LFS1"
1225,"MADH4, DPC4, SMAD4, JIP"
1226,"CDKN2A, MTS1, P16, MLM, CMM2"
1227,"ACVR1B, ACVRLK4, ALK4"
1229,"STK11, PJS, LKB1"
1230,"KRAS2, RASK2"
1232,"RBBP8, RIM"
1232,"PRSS1, TRY1"
1232,"SPINK1, PSTI, PCTT, TATI"
1233,"CFTR, ABCC7, CF, MRP7"
1234,"BRCA1, PSCP"
1235,"CTSC, CPPI, PALS, PLS, HMS"
1237,"SDHB, SDH1, SDHIP"
1237,"SDHD, PGL1"
1237,"SDHD, PGL1"
1237,"SDHC, PGL3"
1238,"SDHD, PGL1"
1239,"SCN4A, HYPP, NAC1A"
1241,MEN1
1241,"HRPT2, C1orf28"
1241,"HRPT2, C1orf28"
1241,"MSX2, CRS2, HOX8"
1242,"ALX4, PFM2, FPP"
1242,"MSX2, CRS2, HOX8"
1243,"RASA1, GAP, CMAVM, PKWS"
1243,"NR4A2, NURR1, NOT, TINUR"
1244,SNCAIP
1245,"TBP, SCA17"
1245,"SNCA, NACP, PARK1, PARK4"
1246,"DJ1, PARK7"
1247,"LRRK2, PARK8"
1249,"PINK1, PARK6"
1249,"UCHL1, PARK5"
1249,"SNCA, NACP, PARK1, PARK4"
1249,"PRKN, PARK2, PDJ"
1249,DBH
1249,NDUFV2
1249,PIGA
1249,"MR1, TAHCCP2, KIPP1184, BRP17, PNKD, FPD1, PDC, DYT8"
1253,"ARX, ISSX, PRTS, MRXS1, MRX36, MRX54"
1254,"SOX10, WS4"
1254,"LBR, PHA"
1256,"PLP1, PMD"
1257,"GJA12, CX47, PMLDAR"
1257,"SLC26A4, PDS, DFNB4"
1257,"AR, DHTR, TFM, SBMA, KD, SMAX1"
1259,"TNFRSF1A, TNFR1, TNFAR, FPF"
1260,"CTSC, CPPI, PALS, PLS, HMS"
1260,"ARFGEF2, BIG2"
1261,"PEX6, PXAAA1, PAF2"
1263,"PEX6, PXAAA1, PAF2"
1265,PEX12
1265,"KCNJ11, BIR, PHHI"
1265,"AMH, MIF"
1266,"AMHR2, AMHR"
1267,"PAX6, AN2, MGDA"
1268,"CYP1B1, GLC3A"
1270,"STK11, PJS, LKB1"
1271,"FGFR1, FLT2, KAL2"
1271,"FGFR2, BEK, CFD1, JWS"
1272,"PAH, PKU1"
1272,"QDPR, DHPR"
1272,PTS
1272,"TAS2R38, T2R61, PTC"
1272,"SDHD, PGL1"
1272,VHL
1272,"SDHB, SDH1, SDHIP"
1272,PHGDH
1272,PRPS1
1272,PHKB
1272,PSP
1272,"PSEN1, AD3"
1272,"KIT, PBT"
1273,"MATP, AIM1"
1274,"PRKAR1A, TSE1, CNC1, CAR"
1276,"CRB1, RP12"
1276,CTNNB1
1277,"GNAI2, GNAI2B, GIP"
1278,"GNAS, GNAS1, GPSA, POH, PHP1B, PHP1A, AHO"
1279,"THRA, ERBA1, THRA1"
1279,GLI2
1281,"POU1F1, PIT1"
1281,PROP1
1281,"HESX1, RPX"
1281,LHX3
1281,"PRKCA, PKCA"
1281,NOS3
1282,"STS, ARSC1, ARSC, SSDD"
1282,"PLI, SERPINF2"
1283,PLG
1284,"PLA2G7, PAFAH"
1285,"P2RY12, P2Y12"
1285,"RUNX1, CBFA2, AML1"
1288,CD36
1288,"SFTPC, SFTP2"
1291,"FLCN, BHD"
1291,"FCYT, PKHD1, ARPKD"
1291,PKD1
1291,"PKD2, PKD4"
1291,PKDTS
1293,"PRKCSH, G19P1, PCLD"
1294,SEC63
1295,VHL
1296,JAK2
1297,"GLI3, PAPA, PAPB, ACLS"
1297,"GLI3, PAPA, PAPB, ACLS"
1297,"GPR56, TM7XN1, BFPP"
1298,"BMPR1A, ACVRLK3, ALK3"
1301,"MADH4, DPC4, SMAD4, JIP"
1303,"IRF6, VWS, LPS, PIT, PPS, OFC6"
1304,COL4A1
1305,ALAD
1306,"HMBS, PBGD, UPS"
1307,"HMBS, PBGD, UPS"
1307,UROS
1307,UROD
1307,UROD
1307,"HFE, HLA-H, HFE1"
1308,PPOX
1308,"MECP2, RTT, PPMX, MRX16, MRX79"
1308,NDN
1308,SNRPN
1308,LHCGR
1308,"STOX1, PEE4"
1308,EPHX1
1309,"AGT, SERPINA8"
1311,"KLKB1, KLK3"
1312,MCPH1
1314,"DIAPH2, DIA, POF2"
1315,"FOXL2, BPES, BPES1, PFRK, POF3"
1315,"ALS2, ALSJ, PLSJ, IAHSP"
1315,"PRNP, PRIP"
1315,"C10orf2, TWINKLE, PEO1, PEO"
1316,"POLG, POLG1, POLGA, PEO"
1316,"SLC25A4, ANT1, T1, PEO3"
1316,"CYP2C, CYP2C19"
1316,MEN1
1316,PEPD
1316,"PFC, PFD"
1316,PCCA
1316,PCCB
1316,"RNASEL, RNS4, PRCA1, HPC1"
1316,"BRCA2, FANCD1"
1316,"PTEN, MMAC1"
1316,"AR, DHTR, TFM, SBMA, KD, SMAX1"
1316,"CHEK2, RAD53, CHK2, CDS1, LFS2"
1316,MSR1
1316,"EPHB2, EPHT3, DRT, ERK"
1316,"KLF6, COPEB, BCD1, ZF9"
1316,"MAD1L1, TXBP181"
1316,"AR, DHTR, TFM, SBMA, KD, SMAX1"
1316,ATBF1
1316,"ELAC2, HPC2"
1316,MXI1
1316,PROS1
1316,"CLCN5, CLCK2, NPHL2, DENTS"
1316,"FECH, FCE"
1316,"FECH, FCE"
1316,"ARX, ISSX, PRTS, MRXS1, MRX36, MRX54"
1316,"COMP, EDM1, MED, PSACH"
1316,"HSD17B3, EDH17B3"
1316,LHCGR
1316,SCNN1A
1316,SCNN1B
1316,"SCNN1G, PHA1"
1316,"NR3C2, MLR, MCR"
1316,"WNK4, PRKWNK4, PHA2B"
1316,"WNK1, PRKWNK1, KDP, PHA2C"
1316,"GNAS, GNAS1, GPSA, POH, PHP1B, PHP1A, AHO"
1316,"GNAS, GNAS1, GPSA, POH, PHP1B, PHP1A, AHO"
1317,SRD5A2
1318,"CYP27B1, PDDR, VDD1"
1320,"ABCC6, ARA, ABC34, MLP1, PXE"
1321,"ABCC6, ARA, ABC34, MLP1, PXE"
1321,PSORS6
1321,"CARD15, NOD2, IBD1, CD, ACUG, PSORAS1"
1322,CSF2RB
1322,"SFTPC, SFTP2"
1323,"SFTPB, SFTB3"
1323,"SFTPC, SFTP2"
1323,"SFTPA1, SFTP1"
1323,"BMPR2, PPH1"
1324,CTSK
1324,NOS1
1324,"PSTPIP1, PSTPIP, CD2BP1, PAPAS"
1324,SPTA1
1324,PC
1324,"PDHA1, PHE1A"
1324,PDHB
1324,INSR
1325,"HOXA11, HOX1I"
1325,"RECQL4, RTS, RECQ4"
1326,"CX3CR1, GPR13, V28"
1327,"TP73L, TP63, KET, EEC3, SHFM4, LMS, RHS"
1327,MC1R
1329,"PEX7, RCDP1"
1330,"PHYH, PAHX"
1330,"PEX1, ZWS1"
1330,PEX26
1331,"PXMP3, PAF1, PMP35, PEX2"
1331,"FLCN, BHD"
1332,"TRC8, RCA1, HRCA1"
1333,OGG1
1334,"PRCC, RCCP1"
1335,TFE3
1337,MET
1338,VHL
1339,"SLC5A2, SGLT2"
1339,PAX2
1341,"SLC4A1, AE1, EPB3"
1341,"ATP6V0A4, ATP6N1B, VPP2, RTA1C, RTADR"
1344,CA2
1344,"SLC4A4, NBC1, KNBC, SLC4A5"
1344,"ATP6B1, VPP3"
1345,"ACE, DCP1, ACE1"
1346,"AGTR1, AGTR1A, AT2R1"
1347,"AGT, SERPINA8"
1348,REN
1348,"PQBP1, NPW38, SHS, MRX55, MRXS3, RENS1, MRXS8"
1349,OPRM1
1349,"ADRB1, ADRB1R, RHR"
1349,"ZMPSTE24, FACE1, STE24, MADB"
1350,"NRL, D14S46E, RP27"
1350,"PROM1, PROML1, AC133"
1352,"C1QTNF5, CTRP5, LORD"
1354,LRAT
1355,IMPDH1
1355,"PRPF31, PRP31"
1357,"RP1, ORP1"
1359,"CRB1, RP12"
1359,"PRPF8, PRPC8, RP13"
1359,"TULP1, RP14"
1359,"CA4, RP17"
1359,"HPRP3, RP18"
1359,"ABCA4, ABCR, STGD1, FFM, RP19"
1359,"RPE65, RP20"
1359,RP2
1359,CERKL
1359,"NRL, D14S46E, RP27"
1360,"FSCN2, RFSN"
1361,"RPGR, RP3, CRD, RP15, COD1"
1362,"RHO, RP4, OPN2"
1363,"RDS, RP7, PRPH2, PRPH, AVMD, AOFMD"
1365,RP9
1366,RLBP1
1367,USH2A
1368,RGR
1369,"CNGB1, CNCG3L, CNCG2"
1370,"CNGA1, CNCG1"
1371,"PDE6A, PDEA"
1371,"PDE6B, PDEB, CSNB3"
1372,RGR
1373,"RHO, RP4, OPN2"
1374,"ROM1, ROSP1"
1375,"RDS, RP7, PRPH2, PRPH, AVMD, AOFMD"
1375,"AIPL1, LCA4"
1375,"NR2E3, PNR, ESCS"
1376,"CRX, CORD2, CRD"
1377,MERTK
1378,"RPGR, RP3, CRD, RP15, COD1"
1378,"RPGR, RP3, CRD, RP15, COD1"
1380,"RDS, RP7, PRPH2, PRPH, AVMD, AOFMD"
1381,RLBP1
1383,RB1
1383,RBP4
1383,"RS1, XLRS1"
1383,"MECP2, RTT, PPMX, MRX16, MRX79"
1383,"CDKL5, STK9"
1383,"MECP2, RTT, PPMX, MRX16, MRX79"
1383,"SMARCB1, SNF5, INI1, RDT"
1383,"SMARCB1, SNF5, INI1, RDT"
1384,"SLC22A1L, BWSCR1A, IMPT1"
1385,"FOXO1A, FKHR"
1386,"PAX3, WS1, HUP2, CDHS"
1387,PAX7
1387,"IL10, CSIF"
1387,"MHC2TA, C2TA"
1387,NFKBIL1
1387,"PADI4, PADI5, PAD"
1388,"PTPN8, PEP, PTPN22, LYP"
1389,"RUNX1, CBFA2, AML1"
1391,"SLC22A4, OCTN1"
1391,MIF
1391,"PEX7, RCDP1"
1392,"AGPS, ADHAPS"
1393,"RHAG, RH50A"
1394,RHD
1396,RHCE
1397,"RPIA, RPI"
1398,CYP2R1
1398,VDR
1399,VDR
1399,"FOXC1, FKHL7, FREAC3"
1400,"PITX2, IDG2, RIEG1, RGS, IGDS2"
1401,"PITX2, IDG2, RIEG1, RGS, IGDS2"
1403,"CAV3, LGMD1C"
1404,ESCO2
1406,"ROR2, BDB1, BDB, NTRKR2"
1408,WNT4
1409,"RECQL4, RTS, RECQ4"
1410,"MPZ, CMT1B, CMTDI3, CHM, DSS"
1411,"PMP22, CMT1A, CMT1E, DSS"
1412,"CREBBP, CBP, RSTS"
1414,EP300
1415,"FGFR2, BEK, CFD1, JWS"
1416,"TWIST, ACS3, SCS"
1417,"TWIST, ACS3, SCS"
1418,"HMGA2, HMGIC, BABL, LIPO"
1418,"SLC17A5, SIASD, SLD"
1418,HEXB
1418,"SGSH, MPS3A, SFMD"
1418,NAGLU
1418,"CARD15, NOD2, IBD1, CD, ACUG, PSORAS1"
1418,BTNL2
1418,HLA-DR1B
1418,"SSX1, SSRC"
1419,SSX2
1422,"ACE, DCP1, ACE1"
1423,"SMARCAL1, HARP, SIOD"
1423,NAGA
1423,NAGA
1423,EMX2
1423,DISC1
1425,TRAR4
1425,"APP, AAA, CVAP, AD1"
1425,COMT
1426,DISC1
1426,HTR2A
1426,"RTN4R, NOGOR"
1426,SYN2
1426,"EPN4, EPNR, KIAA0171, SCZD1"
1426,"PRODH, PRODH2, SCZD4"
1426,NF2
1426,"HSPG2, PLC, SJS, SJA, SJS1"
1426,"JAK3, JAKL"
1426,SOST
1428,"GULOP, GULO"
1428,"APOE, AD2"
1428,HTR2A
1428,"MYH9, MHA, FTNS, DFNA17"
1428,"ATR, FRP1, SCKL"
1428,"TH, TYH"
1428,"SCN2A1, SCN2A"
1428,"SCN2A1, SCN2A"
1428,"ZAP70, SRK, STD"
1428,"TGM1, ICR2, LI1"
1428,"PAPSS2, ATPSK2"
1428,"NPHP1, NPH1, SLSN1"
1428,"NPHP4, SLSN4"
1430,"IQCB1, NPHP5, KIAA0036"
1430,"POLG, POLG1, POLGA, PEO"
1432,SPR
1433,"CASP12, CASP12P1"
1433,"TNF, TNFA"
1435,"HESX1, RPX"
1435,USP26
1435,"DCLRE1C, ARTEMIS, SCIDA"
1435,RAG1
1435,RAG2
1436,ADA
1437,"PTPRC, CD45, LCA"
1437,IL7R
1437,"CD3D, T3D"
1438,"IL2RG, SCIDX1, SCIDX, IMD4"
1439,"FTZF1, FTZ1, SF1"
1439,BCL10
1440,EDN3
1440,GHR
1441,GHR
1442,"SHOX, GCFX, SS, PHOG"
1444,SHOXY
1445,LHX4
1446,"FBN1, MFS1, WMS"
1447,"SBDS, SDS"
1447,"SLC17A5, SIASD, SLD"
1447,"NEU1, NEU, SIAL1"
1449,"NEU1, NEU, SIAL1"
1454,"GNE, GLCNE, IBM2, DMRV, NM"
1454,HBB
1455,"SCN5A, LQT3, IVF, HB1, SSS1"
1456,"BSCL2, SPG17"
1456,"GPC3, SDYS, SGBS1"
1457,ABCG5
1458,ABCG8
1459,NODAL
1460,"DNAH11, DNAHC11"
1461,"ALDH3A2, ALDH10, SLS, FALDH"
1462,"DSP, KPPS2, PPKS2"
1462,"NAT2, AAC2"
1463,"ARHGEF10, KIAA0294"
1464,TBX4
1464,COL2A1
1465,"ATRX, XH2, XNP, MRXS3, SHS"
1466,"DHCR7, SLOS"
1467,"RAI1, SMCR, SMS"
1468,"DYM, FLJ90130, DMC, SMC"
1469,"SHH, HPE3, HLP3, SMMCI"
1470,"GNAS, GNAS1, GPSA, POH, PHP1B, PHP1A, AHO"
1470,"TIMP3, SFD"
1470,"NSD1, ARA267, STO"
1471,"SACS, ARSACS"
1471,"ALS2, ALSJ, PLSJ, IAHSP"
1471,"KIF5A, NKHC, SPG10"
1471,"HSPD1, SPG13, HSP60"
1472,"PLP1, PMD"
1473,SPG3A
1475,"SPG4, SPAST"
1476,"NIPA1, SPG6"
1477,"PGN, SPG7, CMAR, CAR"
1478,"CEBPE, CRP1"
1478,"FOXP2, SPCH1, TNRC10, CAGH44"
1480,"DAZL, DAZH, SPGYLA"
1482,SPTB
1483,"ANK1, SPH2"
1483,"SLC4A1, AE1, EPB3"
1483,EPB42
1486,SPTA1
1486,"MTHFD, MTHFC"
1486,MTR
1486,MTRR
1486,"AR, DHTR, TFM, SBMA, KD, SMAX1"
1486,"VAPB, VAPC, ALS8"
1486,"SMN1, SMA1, SMA2, SMA3, SMA4"
1490,"SMN1, SMA1, SMA2, SMA3, SMA4"
1491,"SMN1, SMA1, SMA2, SMA3, SMA4"
1493,"SMN1, SMA1, SMA2, SMA3, SMA4"
1493,"BSCL2, SPG17"
1494,"GARS, SMAD1, CMT2D"
1494,HEXB
1494,"IGHMBP2, SMUBP2, CATF1, SMARD1"
1494,"ATXN10, SCA10"
1494,"ATXN1, ATX1, SCA1"
1494,PPP2R2B
1497,"PRKCG, PKCC, PKCG, SCA14"
1497,"TBP, SCA17"
1497,"ATXN2, ATX2, SCA2"
1497,SCA25
1497,"FGF14, FHF4, SCA27"
1497,PLEKHG4
1497,"CACNA1A, CACNL1A4, SCA6"
1497,"ATXN7, SCA7, OPCA3"
1497,SCA8
1502,TDP1
1503,"SHFM3, DAC"
1503,"TP73L, TP63, KET, EEC3, SHFM4, LMS, RHS"
1503,"FLNB, SCT, AOI"
1503,"DLL3, SCDO1"
1503,MESP2
1503,"MATN3, EDM5, HOA"
1503,"AGC1, CSPG1, MSK16, SEDK"
1503,"CHST3, C6ST, C6ST1"
1503,"SEDL, SEDT"
1503,"WISP3, PPAC, PPD"
1503,COL10A1
1504,"TNFRSF6, APT1, FAS, CD95, ALPS1A"
1505,ING1
1506,"TNFRSF10B, DR5, TRAILR2"
1508,"NOG, SYM1, SYNS1"
1509,"ABCA4, ABCR, STGD1, FFM, RP19"
1510,"ELOVL4, ADMD, STGD2, STGD3"
1511,"GLRA1, STHE"
1514,"GLRA1, STHE"
1514,STAT1
1515,HMGCR
1516,"KRT17, PC2, PCHC1"
1518,"ZNF198, SCLL, RAMP, FIM"
1519,HLA-B
1519,COL2A1
1520,"COL11A1, STL2"
1521,"COL11A2, STL3, DFNA13"
1522,"KRAS2, RASK2"
1524,"PDE4D, DPDE3, STRK1"
1524,"ALOX5AP, FLAP"
1525,"LIFR, STWS, SWS, SJS2"
1525,"DCX, DBCN, LISX"
1525,"PAFAH1B1, LIS1"
1525,SSADH
1526,SI
1526,"TSPYL1, TSPYL, SIDDT"
1528,SUOX
1529,SOD3
1530,"MAPT, MTBT1, DDPAC, MSTD"
1533,"MAPT, MTBT1, DDPAC, MSTD"
1533,ELN
1534,"ABCA3, ABC3"
1534,"SFTPC, SFTP2"
1534,"ATRX, XH2, XNP, MRXS3, SHS"
1536,"CFTR, ABCC7, CF, MRP7"
1536,"NOG, SYM1, SYNS1"
1536,"GJA1, CX43, ODDD, SDTY3, ODOD"
1538,"NOG, SYM1, SYNS1"
1540,FBLN1
1540,"HOXD13, HOX4I, SPD"
1540,"HOXD13, HOX4I, SPD"
1542,"TNFSF6, APT1LG1, FASL"
1542,"DNASE1, DNL1"
1542,"PTPN8, PEP, PTPN22, LYP"
1543,"PDCD1, SLEB2"
1544,MCM6
1545,"ABCA1, ABC1, HDLDT1, TGD"
1550,"NOG, SYM1, SYNS1"
1550,"MAPT, MTBT1, DDPAC, MSTD"
1551,"HEXA, TSD"
1551,BAX
1551,WHN
1551,"ATM, ATA, AT1"
1551,DAD1
1551,"WNT3, INT4"
1551,"JAG1, AGS, AHD"
1551,"ZFPM2, FOG2"
1552,"NKX2E, CSX"
1553,HBA2
1554,HBB
1555,HBD
1556,HBD
1557,LCRB
1557,HBA1
1558,HBB
1558,"FGFR3, ACH"
1558,"SLC19A2, THTR1"
1559,JAK2
1562,"THPO, MGDF, MPLLG, TPO"
1562,"FLJ14813, THC2"
1563,"MPL, TPOR, MPLV"
1565,"WAS, IMD2, THC"
1565,"WAS, IMD2, THC"
1566,F5
1570,F5
1571,"HCF2, HC2, SERPIND1"
1571,HRG
1572,PROC
1572,"THBD, THRM"
1573,FGB
1573,FGG
1574,CBS
1574,"ADAMTS13, VWFCP, TTP"
1574,"MPL, TPOR, MPLV"
1574,"DPYD, DPD"
1574,TSHR
1574,"TP53, P53, LFS1"
1575,"MINPP1, HIPER1"
1576,"PTEN, MMAC1"
1578,HRAS
1578,"GOLGA5, RFG5, PTC5"
1578,"NCOA4, ELE1, PTC3"
1580,"PCM1, PTC4"
1580,"PRKAR1A, TSE1, CNC1, CAR"
1580,"TIF1G, RFG7, PTC7"
1581,"TRIM24, TIF1, TIF1A, PTC6"
1582,"TPO, TPX"
1583,"THRB, ERBA2, THR1"
1585,"THRB, ERBA2, THR1"
1585,"CACNA1S, CACNL1A3, CCHL1A3"
1586,TRHR
1588,TBG
1589,"MITF, WS2A"
1590,"CACNA1C, CACNL1A1, CCHL1A1, TS"
1591,COL7A1
1592,CYP2C9
1592,"TPO, TPX"
1594,"SALL1, HSAL1, TBS"
1595,"SALL1, HSAL1, TBS"
1595,TALDO1
1595,"TCN2, TC2"
1595,COL7A1
1596,"CFC1, CRYPTIC, HTX2"
1598,"THRAP2, PROSIT240, TRAP240L, KIAA1025"
1599,"TCOF1, MFD1"
1600,"HS1BP3, FLJ14249, ETM2"
1601,"DLX3, TDO"
1603,TRPS1
1604,TRPS1
1607,"ERCC3, XPB"
1608,"ERCC2, EM9"
1608,"TGF2H5, TTDA, TFB5, C6orf175"
1608,"TTDN1, C7orf11, ABHS"
1608,"HADHA, MTPA"
1608,HADHB
1608,MYH8
1608,"SPINK1, PSTI, PCTT, TATI"
1608,SPG20
1610,IFNG
1611,IFNGR1
1613,IFNG
1614,"TSC1, LAM"
1615,"TSC2, LAM"
1615,"APC, GS, FPC"
1615,"MLH1, COCA2, HNPCC2"
1615,"PMS2, PMSL2, HNPCC4"
1615,"FSHR, ODG1"
1615,FAH
1615,TAT
1615,HPD
1615,"COL6A1, OPLL"
1615,COL6A3
1615,COL6A2
1617,TBX3
2053,"TPH2, NTPH"
2054,KRT1
2055,APRT
2074,"SLC17A2, NPT2"
2112,"MYO7A, USH1B, DFNB2, DFNA11"
2174,"USH1C, DFNB18"
2188,"CDH23, USH1D"
2265,"PCDH15, DFNB23"
2287,"SANS, USH1G"
2287,USH2A
2291,"USH3A, USH3"
2315,"MASS1, VLGR1, KIAA0686, FEB4, USH2C"
2327,"HMGA2, HMGIC, BABL, LIPO"
2344,MC1R
2350,"LRP5, BMND1, LRP7, LR3, OPPG, VBCH2"
2354,"IRF6, VWS, LPS, PIT, PPS, OFC6"
2365,"PTEN, MMAC1"
2385,"TBX1, DGS, CTHM, CAFS, TGA, DORV, VCFS, DGCR"
2427,"TEK, TIE2, VMCM"
2427,"SERPINA10, ZPI"
2427,"SCN5A, LQT3, IVF, HB1, SSS1"
2427,"GNAI2, GNAI2B, GIP"
2440,CASQ2
2584,"RYR2, VTSIP"
2628,"HOXD10, HOX4D"
2669,"FCGR3A, CD16, IGFR3"
2785,"OAS1, OIAS"
2903,"CYP19A1, CYP19, ARO"
2937,"VKORC1, VKOR, VKCFD2, FLJ00289"
2937,GGCX
2937,VMD2
2937,"ACADVL, VLCAD"
2937,"GJB2, CX26, DFNB1, PPK, DFNA3, KID, HID"
2937,LOR
2969,"CCND1, PRAD1, BCL1"
2969,VHL
3016,"VWF, F8VWF"
3037,"EDNRB, HSCR2, ABCDS"
3079,"SOX10, WS4"
3144,TYR
3171,"MITF, WS2A"
3171,"PAX3, WS1, HUP2, CDHS"
3178,"MITF, WS2A"
3195,"PAX3, WS1, HUP2, CDHS"
3212,"SNAI2, SLUG, WS2D"
3229,COL2A1
3232,WT1
3241,FCMD
3241,POMT1
3260,"RAB3GAP, WARBM1, P130"
3308,"VKORC1, VKOR, VKCFD2, FLJ00289"
3419,CYP2C9
3478,"F9, HEMB"
3503,"NF1, VRNF, WSS, NFNS"
3503,"NSD1, ARA267, STO"
3503,"TAP2, ABCB3, PSF2, RING11"
3512,"FBN1, MFS1, WMS"
3554,"ADAMTS10, WMS"
3558,"COL11A2, STL3, DFNA13"
3572,"RECQL2, RECQ3, WRN"
4188,TKT
4188,EVC
4289,"CXCR4, D2S201E, NPY3R, WHIM"
4291,KRT13
4291,"KRT4, CYK4"
4291,ELN
4350,"BRCA2, FANCD1"
4350,"GPC3, SDYS, SGBS1"
4354,"POU6F2, WTSL, WT5"
4666,WT1
5016,"ATP7B, WND"
5016,"WAS, IMD2, THC"
5037,"MSX1, HOX7, HYD1, OFC5"
5144,"EIF2AK3, PEK, PERK, WRS"
5170,"PRKAG2, WPWS"
5232,"WFS1, WFRS, WFS, DFNA6"
5232,LIPA
5232,XDH
5232,XPA
5233,"ERCC3, XPB"
5291,"XPC, XPCC"
5308,"ERCC2, EM9"
6291,DDB2
6350,"ERCC4, XPF"
7016,"ERCC5, XPG"
7170,"POLH, XPV"
7232,"XIC, XCE, XIST, SXI1"
7308,"BTK, AGMX1, IMD1, XLA, AT"
7308,"FOXC2, FKHL14, MFH1"
7308,"SOX10, WS4"
7308,"PEX1, ZWS1"
7308,"PEX10, NALD"
8350,"PEX13, ZWS, NALD"
9037,PEX14
9037,PEX26
9038,"PXF, HK33, D1S2223E, PEX19"
9038,"PXR1, PEX5, PTS1R"
9039,"ABCD3, PXMP1, PMP70"
9308,"PXMP3, PAF1, PMP35, PEX2"
9308,PEX16
9308,PEX3
9308,"HVEC, PVRL1, PVRR1, PRR1"
